CURSO_ACADEMICO,LOCALIDAD,ESTUDIO,TIPO_ESTUDIO,TIPO_EGRESO,SEXO,ALUMNOS_GRADUADOS,ALUMNOS_INTERRUMPEN_ESTUDIOS,ALUMNOS_INTERRUMPEN_EST_ANO1,ALUMNOS_TRASLADAN_OTRA_UNIV,DURACION_MEDIA_GRADUADOS,TASA_EFICIENCIA,FECHA_ACTUALIZACION
2021,Almunia de Doña Godina (La),Grado: Arquitectura Técnica,Grado,Abandono Voluntario,Hombres,0,12,5,0,,,30/10/2022
2021,Almunia de Doña Godina (La),Grado: Arquitectura Técnica,Grado,Abandono Voluntario,Mujeres,0,5,3,0,,,30/10/2022
2021,Almunia de Doña Godina (La),Grado: Arquitectura Técnica,Grado,Cambio de estudios sin simultaneidad,Mujeres,0,1,1,0,,,30/10/2022
2021,Almunia de Doña Godina (La),Grado: Arquitectura Técnica,Grado,Graduado,Hombres,5,0,0,0,"7,00","70,00",30/10/2022
2021,Almunia de Doña Godina (La),Grado: Arquitectura Técnica,Grado,Graduado,Mujeres,2,0,0,0,"11,00","75,72",30/10/2022
2021,Almunia de Doña Godina (La),Grado: Ingeniería Civil,Grado,Abandono Voluntario,Hombres,0,1,1,0,,,30/10/2022
2021,Almunia de Doña Godina (La),Grado: Ingeniería Civil,Grado,Graduado,Hombres,2,0,0,0,"6,00","71,34",30/10/2022
2021,Almunia de Doña Godina (La),Grado: Ingeniería Civil,Grado,Incumple Régimen de permanencia,Mujeres,0,1,0,0,,,30/10/2022
2021,Almunia de Doña Godina (La),Grado: Ingeniería de Organización Industrial,Grado,Abandono Voluntario,Hombres,0,12,7,0,,,30/10/2022
2021,Almunia de Doña Godina (La),Grado: Ingeniería de Organización Industrial,Grado,Abandono Voluntario,Mujeres,0,2,1,0,,,30/10/2022
2021,Almunia de Doña Godina (La),Grado: Ingeniería de Organización Industrial,Grado,Cambio de estudios sin simultaneidad,Hombres,0,4,3,0,,,30/10/2022
2021,Almunia de Doña Godina (La),Grado: Ingeniería de Organización Industrial,Grado,Graduado,Hombres,14,0,0,0,"5,25","76,74",30/10/2022
2021,Almunia de Doña Godina (La),Grado: Ingeniería de Organización Industrial,Grado,Graduado,Mujeres,6,0,0,0,"5,00","90,70",30/10/2022
2021,Almunia de Doña Godina (La),Grado: Ingeniería Mecatrónica,Grado,Abandono Voluntario,Hombres,0,14,3,0,,,30/10/2022
2021,Almunia de Doña Godina (La),Grado: Ingeniería Mecatrónica,Grado,Cambio de estudios sin simultaneidad,Hombres,0,5,2,0,,,30/10/2022
2021,Almunia de Doña Godina (La),Grado: Ingeniería Mecatrónica,Grado,Graduado,Hombres,21,0,0,0,"5,00","84,57",30/10/2022
2021,Almunia de Doña Godina (La),Grado: Ingeniería Mecatrónica,Grado,Graduado,Mujeres,1,0,0,0,,,30/10/2022
2021,Almunia de Doña Godina (La),Grado: Programa conjunto en Ingeniería Mecatrónica-Ingeniería de Organización  Industrial,Grado,Cambio de estudios sin simultaneidad,Hombres,0,1,1,0,,,30/10/2022
2021,Huesca,Grado: Administración y Dirección de Empresas,Grado,Abandono Voluntario,Hombres,0,21,11,0,,,30/10/2022
2021,Huesca,Grado: Administración y Dirección de Empresas,Grado,Abandono Voluntario,Mujeres,0,11,4,0,,,30/10/2022
2021,Huesca,Grado: Administración y Dirección de Empresas,Grado,Cambio de estudios sin simultaneidad,Hombres,0,1,0,0,,,30/10/2022
2021,Huesca,Grado: Administración y Dirección de Empresas,Grado,Cambio de estudios sin simultaneidad,Mujeres,0,3,2,0,,,30/10/2022
2021,Huesca,Grado: Administración y Dirección de Empresas,Grado,Graduado,Hombres,5,0,0,0,"6,25","69,97",30/10/2022
2021,Huesca,Grado: Administración y Dirección de Empresas,Grado,Graduado,Mujeres,13,0,0,0,"6,00","78,25",30/10/2022
2021,Huesca,Grado: Ciencias Ambientales,Grado,Abandono Voluntario,Hombres,0,8,2,0,,,30/10/2022
2021,Huesca,Grado: Ciencias Ambientales,Grado,Abandono Voluntario,Mujeres,0,4,1,0,,,30/10/2022
2021,Huesca,Grado: Ciencias Ambientales,Grado,Cambio de estudios sin simultaneidad,Mujeres,0,1,1,0,,,30/10/2022
2021,Huesca,Grado: Ciencias Ambientales,Grado,Graduado,Hombres,5,0,0,0,"6,60","80,27",30/10/2022
2021,Huesca,Grado: Ciencias Ambientales,Grado,Graduado,Mujeres,6,0,0,0,"6,40","70,93",30/10/2022
2021,Huesca,Grado: Ciencias de la Actividad Física y del Deporte,Grado,Abandono Voluntario,Hombres,0,10,4,0,,,30/10/2022
2021,Huesca,Grado: Ciencias de la Actividad Física y del Deporte,Grado,Abandono Voluntario,Mujeres,0,3,1,0,,,30/10/2022
2021,Huesca,Grado: Ciencias de la Actividad Física y del Deporte,Grado,Cambio de estudios sin simultaneidad,Hombres,0,1,1,0,,,30/10/2022
2021,Huesca,Grado: Ciencias de la Actividad Física y del Deporte,Grado,Cambio de estudios sin simultaneidad,Mujeres,0,1,1,0,,,30/10/2022
2021,Huesca,Grado: Ciencias de la Actividad Física y del Deporte,Grado,Graduado,Hombres,36,0,0,0,"4,31","95,70",30/10/2022
2021,Huesca,Grado: Ciencias de la Actividad Física y del Deporte,Grado,Graduado,Mujeres,10,0,0,0,"4,22","95,67",30/10/2022
2021,Huesca,Grado: Ciencias de la Actividad Física y del Deporte,Grado,Traslado a otra Universidad,Hombres,0,0,0,4,,,30/10/2022
2021,Huesca,Grado: Enfermería,Grado,Abandono Voluntario,Hombres,0,1,0,0,,,30/10/2022
2021,Huesca,Grado: Enfermería,Grado,Abandono Voluntario,Mujeres,0,1,1,0,,,30/10/2022
2021,Huesca,Grado: Enfermería,Grado,Graduado,Hombres,15,0,0,0,"4,00","99,70",30/10/2022
2021,Huesca,Grado: Enfermería,Grado,Graduado,Mujeres,37,0,0,0,"4,33","96,93",30/10/2022
2021,Huesca,Grado: Gestión y Administración Pública,Grado,Abandono Voluntario,Hombres,0,6,4,0,,,30/10/2022
2021,Huesca,Grado: Gestión y Administración Pública,Grado,Abandono Voluntario,Mujeres,0,12,7,0,,,30/10/2022
2021,Huesca,Grado: Gestión y Administración Pública,Grado,Cambio de estudios sin simultaneidad,Hombres,0,2,2,0,,,30/10/2022
2021,Huesca,Grado: Gestión y Administración Pública,Grado,Graduado,Hombres,3,0,0,0,"4,00","90,62",30/10/2022
2021,Huesca,Grado: Gestión y Administración Pública,Grado,Graduado,Mujeres,7,0,0,0,"5,00","92,97",30/10/2022
2021,Huesca,Grado: Ingeniería Agroalimentaria y del Medio Rural,Grado,Abandono Voluntario,Hombres,0,14,3,0,,,30/10/2022
2021,Huesca,Grado: Ingeniería Agroalimentaria y del Medio Rural,Grado,Abandono Voluntario,Mujeres,0,4,0,0,,,30/10/2022
2021,Huesca,Grado: Ingeniería Agroalimentaria y del Medio Rural,Grado,Graduado,Hombres,4,0,0,0,"5,00","83,15",30/10/2022
2021,Huesca,Grado: Ingeniería Agroalimentaria y del Medio Rural,Grado,Graduado,Mujeres,1,0,0,0,"6,00","70,00",30/10/2022
2021,Huesca,Grado: Magisterio en Educación Infantil,Grado,Abandono Voluntario,Hombres,0,2,1,0,,,30/10/2022
2021,Huesca,Grado: Magisterio en Educación Infantil,Grado,Abandono Voluntario,Mujeres,0,13,6,0,,,30/10/2022
2021,Huesca,Grado: Magisterio en Educación Infantil,Grado,Graduado,Hombres,1,0,0,0,"4,00","97,56",30/10/2022
2021,Huesca,Grado: Magisterio en Educación Infantil,Grado,Graduado,Mujeres,84,0,0,0,"4,39","92,16",30/10/2022
2021,Huesca,Grado: Magisterio en Educación Primaria,Grado,Abandono Voluntario,Hombres,0,12,5,0,,,30/10/2022
2021,Huesca,Grado: Magisterio en Educación Primaria,Grado,Abandono Voluntario,Mujeres,0,2,1,0,,,30/10/2022
2021,Huesca,Grado: Magisterio en Educación Primaria,Grado,Cambio de estudios sin simultaneidad,Hombres,0,1,1,0,,,30/10/2022
2021,Huesca,Grado: Magisterio en Educación Primaria,Grado,Cambio de estudios sin simultaneidad,Mujeres,0,1,1,0,,,30/10/2022
2021,Huesca,Grado: Magisterio en Educación Primaria,Grado,Graduado,Hombres,31,0,0,0,"4,50","90,75",30/10/2022
2021,Huesca,Grado: Magisterio en Educación Primaria,Grado,Graduado,Mujeres,33,0,0,0,"4,11","95,95",30/10/2022
2021,Huesca,Grado: Medicina,Grado,Abandono Voluntario,Hombres,0,2,1,0,,,30/10/2022
2021,Huesca,Grado: Medicina,Grado,Traslado a otra Universidad,Mujeres,0,0,0,1,,,30/10/2022
2021,Huesca,Grado: Nutrición Humana y Dietética,Grado,Abandono Voluntario,Hombres,0,5,4,0,,,30/10/2022
2021,Huesca,Grado: Nutrición Humana y Dietética,Grado,Abandono Voluntario,Mujeres,0,12,6,0,,,30/10/2022
2021,Huesca,Grado: Nutrición Humana y Dietética,Grado,Cambio de estudios sin simultaneidad,Mujeres,0,1,1,0,,,30/10/2022
2021,Huesca,Grado: Nutrición Humana y Dietética,Grado,Graduado,Hombres,10,0,0,0,"5,50","91,19",30/10/2022
2021,Huesca,Grado: Nutrición Humana y Dietética,Grado,Graduado,Mujeres,30,0,0,0,"4,47","94,61",30/10/2022
2021,Huesca,Grado: Nutrición Humana y Dietética,Grado,Traslado a otra Universidad,Hombres,0,0,0,1,,,30/10/2022
2021,Huesca,Grado: Odontología,Grado,Abandono Voluntario,Hombres,0,3,2,0,,,30/10/2022
2021,Huesca,Grado: Odontología,Grado,Abandono Voluntario,Mujeres,0,5,3,0,,,30/10/2022
2021,Huesca,Grado: Odontología,Grado,Graduado,Hombres,7,0,0,0,"5,00","94,25",30/10/2022
2021,Huesca,Grado: Odontología,Grado,Graduado,Mujeres,29,0,0,0,"5,08","96,38",30/10/2022
2021,Huesca,Grado: Odontología,Grado,Traslado a otra Universidad,Hombres,0,0,0,1,,,30/10/2022
2021,Huesca,Grado: Programa conjunto en Nutrición Humana y Dietética-Ciencias de la Actividad Física y del Deporte,Grado,Incumple Régimen de permanencia,Hombres,0,1,1,0,,,30/10/2022
2021,Huesca,Máster: Dirección y planificación del turismo,Máster,Abandono Voluntario,Hombres,0,1,0,0,,,30/10/2022
2021,Huesca,Máster: Dirección y planificación del turismo,Máster,Abandono Voluntario,Mujeres,0,4,1,0,,,30/10/2022
2021,Huesca,Máster: Dirección y planificación del turismo,Máster,Graduado,Hombres,2,0,0,0,"2,00","86,96",30/10/2022
2021,Huesca,Máster: Dirección y planificación del turismo,Máster,Graduado,Mujeres,5,0,0,0,"2,40","80,00",30/10/2022
2021,Huesca,"Máster: Estudios Avanzados sobre el Lenguaje, la Comunicación y sus Patologías",Máster,Graduado,Hombres,1,0,0,0,"1,00","100,00",30/10/2022
2021,Huesca,"Máster: Estudios Avanzados sobre el Lenguaje, la Comunicación y sus Patologías",Máster,Graduado,Mujeres,5,0,0,0,"1,80","85,88",30/10/2022
2021,Huesca,Máster: Evaluación y Entrenamiento Físico para la Salud,Máster,Abandono Voluntario,Hombres,0,2,2,0,,,30/10/2022
2021,Huesca,Máster: Evaluación y Entrenamiento Físico para la Salud,Máster,Abandono Voluntario,Mujeres,0,1,1,0,,,30/10/2022
2021,Huesca,Máster: Evaluación y Entrenamiento Físico para la Salud,Máster,Graduado,Mujeres,2,0,0,0,"2,00","76,92",30/10/2022
2021,Huesca,Máster: Ingeniería Agronómica,Máster,Abandono Voluntario,Hombres,0,3,1,0,,,30/10/2022
2021,Huesca,Máster: Ingeniería Agronómica,Máster,Abandono Voluntario,Mujeres,0,3,1,0,,,30/10/2022
2021,Huesca,Máster: Ingeniería Agronómica,Máster,Graduado,Hombres,2,0,0,0,"2,00","100,00",30/10/2022
2021,Huesca,Máster: Ingeniería Agronómica,Máster,Graduado,Mujeres,3,0,0,0,"2,00","89,80",30/10/2022
2021,Huesca,"Máster: Profesorado E.S.O., F.P. y Ens. Idiom, Art y Deport",Máster,Abandono Voluntario,Hombres,0,1,1,0,,,30/10/2022
2021,Huesca,"Máster: Profesorado E.S.O., F.P. y Ens. Idiom, Art y Deport",Máster,Graduado,Hombres,20,0,0,0,"1,05","99,01",30/10/2022
2021,Huesca,"Máster: Profesorado E.S.O., F.P. y Ens. Idiom, Art y Deport",Máster,Graduado,Mujeres,7,0,0,0,"1,00","99,29",30/10/2022
2021,Teruel,Grado: Administración y Dirección de Empresas,Grado,Abandono Voluntario,Hombres,0,4,2,0,,,30/10/2022
2021,Teruel,Grado: Administración y Dirección de Empresas,Grado,Abandono Voluntario,Mujeres,0,2,1,0,,,30/10/2022
2021,Teruel,Grado: Administración y Dirección de Empresas,Grado,Cambio de estudios sin simultaneidad,Hombres,0,1,1,0,,,30/10/2022
2021,Teruel,Grado: Administración y Dirección de Empresas,Grado,Graduado,Hombres,3,0,0,0,"5,00","93,77",30/10/2022
2021,Teruel,Grado: Administración y Dirección de Empresas,Grado,Graduado,Mujeres,5,0,0,0,"4,33","99,17",30/10/2022
2021,Teruel,Grado: Administración y Dirección de Empresas,Grado,Traslado a otra Universidad,Hombres,0,0,0,1,,,30/10/2022
2021,Teruel,Grado: Administración y Dirección de Empresas,Grado,Traslado a otra Universidad,Mujeres,0,0,0,3,,,30/10/2022
2021,Teruel,Grado: Bellas Artes,Grado,Abandono Voluntario,Hombres,0,2,0,0,,,30/10/2022
2021,Teruel,Grado: Bellas Artes,Grado,Abandono Voluntario,Mujeres,0,6,1,0,,,30/10/2022
2021,Teruel,Grado: Bellas Artes,Grado,Cambio de estudios sin simultaneidad,Mujeres,0,1,1,0,,,30/10/2022
2021,Teruel,Grado: Bellas Artes,Grado,Graduado,Hombres,4,0,0,0,"4,00","100,00",30/10/2022
2021,Teruel,Grado: Bellas Artes,Grado,Graduado,Mujeres,26,0,0,0,"4,16","97,56",30/10/2022
2021,Teruel,Grado: Bellas Artes,Grado,Traslado a otra Universidad,Mujeres,0,0,0,7,,,30/10/2022
2021,Teruel,Grado: Enfermería,Grado,Abandono Voluntario,Hombres,0,1,0,0,,,30/10/2022
2021,Teruel,Grado: Enfermería,Grado,Graduado,Hombres,3,0,0,0,"4,00","100,00",30/10/2022
2021,Teruel,Grado: Enfermería,Grado,Graduado,Mujeres,28,0,0,0,"4,00","99,90",30/10/2022
2021,Teruel,Grado: Enfermería,Grado,Traslado a otra Universidad,Hombres,0,0,0,1,,,30/10/2022
2021,Teruel,Grado: Enfermería,Grado,Traslado a otra Universidad,Mujeres,0,0,0,2,,,30/10/2022
2021,Teruel,Grado: Ingeniería Electrónica y Automática,Grado,Abandono Voluntario,Hombres,0,3,1,0,,,30/10/2022
2021,Teruel,Grado: Ingeniería Electrónica y Automática,Grado,Graduado,Hombres,6,0,0,0,"4,67","87,69",30/10/2022
2021,Teruel,Grado: Ingeniería Electrónica y Automática,Grado,Graduado,Mujeres,3,0,0,0,"5,50","82,07",30/10/2022
2021,Teruel,Grado: Ingeniería Informática,Grado,Abandono Voluntario,Hombres,0,8,2,0,,,30/10/2022
2021,Teruel,Grado: Ingeniería Informática,Grado,Abandono Voluntario,Mujeres,0,4,0,0,,,30/10/2022
2021,Teruel,Grado: Ingeniería Informática,Grado,Cambio de estudios sin simultaneidad,Hombres,0,1,1,0,,,30/10/2022
2021,Teruel,Grado: Ingeniería Informática,Grado,Graduado,Hombres,10,0,0,0,"6,40","73,13",30/10/2022
2021,Teruel,Grado: Ingeniería Informática,Grado,Graduado,Mujeres,2,0,0,0,"4,50","96,10",30/10/2022
2021,Teruel,Grado: Ingeniería Informática,Grado,Traslado a otra Universidad,Hombres,0,0,0,1,,,30/10/2022
2021,Teruel,Grado: Magisterio en Educación Infantil,Grado,Abandono Voluntario,Hombres,0,2,0,0,,,30/10/2022
2021,Teruel,Grado: Magisterio en Educación Infantil,Grado,Abandono Voluntario,Mujeres,0,9,5,0,,,30/10/2022
2021,Teruel,Grado: Magisterio en Educación Infantil,Grado,Graduado,Hombres,1,0,0,0,,,30/10/2022
2021,Teruel,Grado: Magisterio en Educación Infantil,Grado,Graduado,Mujeres,47,0,0,0,"4,15","96,42",30/10/2022
2021,Teruel,Grado: Magisterio en Educación Infantil,Grado,Traslado a otra Universidad,Mujeres,0,0,0,5,,,30/10/2022
2021,Teruel,Grado: Magisterio en Educación Primaria,Grado,Abandono Voluntario,Hombres,0,10,4,0,,,30/10/2022
2021,Teruel,Grado: Magisterio en Educación Primaria,Grado,Abandono Voluntario,Mujeres,0,10,5,0,,,30/10/2022
2021,Teruel,Grado: Magisterio en Educación Primaria,Grado,Cambio de estudios sin simultaneidad,Hombres,0,1,1,0,,,30/10/2022
2021,Teruel,Grado: Magisterio en Educación Primaria,Grado,Cambio de estudios sin simultaneidad,Mujeres,0,1,1,0,,,30/10/2022
2021,Teruel,Grado: Magisterio en Educación Primaria,Grado,Graduado,Hombres,21,0,0,0,"5,00","90,81",30/10/2022
2021,Teruel,Grado: Magisterio en Educación Primaria,Grado,Graduado,Mujeres,17,0,0,0,"4,25","95,27",30/10/2022
2021,Teruel,Grado: Magisterio en Educación Primaria,Grado,Traslado a otra Universidad,Hombres,0,0,0,1,,,30/10/2022
2021,Teruel,Grado: Magisterio en Educación Primaria,Grado,Traslado a otra Universidad,Mujeres,0,0,0,2,,,30/10/2022
2021,Teruel,Grado: Psicología,Grado,Abandono Voluntario,Hombres,0,1,1,0,,,30/10/2022
2021,Teruel,Grado: Psicología,Grado,Abandono Voluntario,Mujeres,0,3,1,0,,,30/10/2022
2021,Teruel,Grado: Psicología,Grado,Cambio de estudios sin simultaneidad,Mujeres,0,1,1,0,,,30/10/2022
2021,Teruel,Grado: Psicología,Grado,Graduado,Hombres,9,0,0,0,"4,11","94,74",30/10/2022
2021,Teruel,Grado: Psicología,Grado,Graduado,Mujeres,58,0,0,0,"4,22","95,18",30/10/2022
2021,Teruel,Grado: Psicología,Grado,Traslado a otra Universidad,Mujeres,0,0,0,4,,,30/10/2022
2021,Teruel,Ingeniero Técnico en Informática de Gestión,Diplomatura o equivalente,Traslado a otra Universidad,Hombres,0,0,0,1,,,30/10/2022
2021,Teruel,Máster: Innovación y Emprendimiento en Tecnologías para la Salud y el Bienestar,Máster,Graduado,Hombres,2,0,0,0,"1,00","100,00",30/10/2022
2021,Teruel,"Máster: Profesorado E.S.O., F.P. y Ens. Idiom, Art y Deport",Máster,Graduado,Hombres,1,0,0,0,"1,00","100,00",30/10/2022
2021,Teruel,"Máster: Profesorado E.S.O., F.P. y Ens. Idiom, Art y Deport",Máster,Graduado,Mujeres,8,0,0,0,"1,12","98,77",30/10/2022
2021,Teruel,Máster: Psicología General Sanitaria,Máster,Graduado,Hombres,2,0,0,0,"3,00","88,24",30/10/2022
2021,Teruel,Máster: Psicología General Sanitaria,Máster,Graduado,Mujeres,27,0,0,0,"2,11","98,54",30/10/2022
2021,Zaragoza,Ciencias Empresariales,Licenciatura o equivalente,Traslado a otra Universidad,Hombres,0,0,0,1,,,30/10/2022
2021,Zaragoza,Derecho,Licenciatura o equivalente,Traslado a otra Universidad,Hombres,0,0,0,1,,,30/10/2022
2021,Zaragoza,Derecho,Licenciatura o equivalente,Traslado a otra Universidad,Mujeres,0,0,0,5,,,30/10/2022
2021,Zaragoza,Diplomado Ciencias Empresariales,Diplomatura o equivalente,Traslado a otra Universidad,Mujeres,0,0,0,1,,,30/10/2022
2021,Zaragoza,Doctorado: PD Bioquímica y biología molecular [RD 99/2011],Doctorado,Abandono Voluntario,Hombres,0,1,0,0,,,30/10/2022
2021,Zaragoza,Doctorado: PD Bioquímica y biología molecular [RD 99/2011],Doctorado,Graduado,Hombres,1,0,0,0,"4,08",,30/10/2022
2021,Zaragoza,Doctorado: PD Bioquímica y biología molecular [RD 99/2011],Doctorado,Graduado,Mujeres,12,0,0,0,"4,44",,30/10/2022
2021,Zaragoza,"Doctorado: PD Calidad, seguridad y tecnología de los alimentos [RD 99/2011]",Doctorado,Abandono Voluntario,Mujeres,0,1,0,0,,,30/10/2022
2021,Zaragoza,"Doctorado: PD Calidad, seguridad y tecnología de los alimentos [RD 99/2011]",Doctorado,Graduado,Mujeres,2,0,0,0,"4,08",,30/10/2022
2021,Zaragoza,Doctorado: PD Ciencia analítica en química [RD 99/2011],Doctorado,Graduado,Hombres,5,0,0,0,"4,23",,30/10/2022
2021,Zaragoza,Doctorado: PD Ciencia analítica en química [RD 99/2011],Doctorado,Graduado,Mujeres,3,0,0,0,"3,81",,30/10/2022
2021,Zaragoza,Doctorado: PD Ciencias agrarias y del medio natural [RD 99/2011],Doctorado,Abandono Voluntario,Hombres,0,1,0,0,,,30/10/2022
2021,Zaragoza,Doctorado: PD Ciencias agrarias y del medio natural [RD 99/2011],Doctorado,Graduado,Hombres,1,0,0,0,"6,88",,30/10/2022
2021,Zaragoza,Doctorado: PD Ciencias agrarias y del medio natural [RD 99/2011],Doctorado,Graduado,Mujeres,3,0,0,0,"4,72",,30/10/2022
2021,Zaragoza,Doctorado: PD Ciencias agrarias y del medio natural [RD 99/2011],Doctorado,Incumple Régimen de permanencia,Hombres,0,1,0,0,,,30/10/2022
2021,Zaragoza,Doctorado: PD Ciencias agrarias y del medio natural [RD 99/2011],Doctorado,Incumple Régimen de permanencia,Mujeres,0,1,0,0,,,30/10/2022
2021,Zaragoza,Doctorado: PD Ciencias biomédicas y biotecnológicas [RD 99/2011],Doctorado,Abandono Voluntario,Hombres,0,1,0,0,,,30/10/2022
2021,Zaragoza,Doctorado: PD Ciencias biomédicas y biotecnológicas [RD 99/2011],Doctorado,Graduado,Hombres,2,0,0,0,"5,76",,30/10/2022
2021,Zaragoza,Doctorado: PD Ciencias biomédicas y biotecnológicas [RD 99/2011],Doctorado,Graduado,Mujeres,3,0,0,0,"5,29",,30/10/2022
2021,Zaragoza,Doctorado: PD Ciencias biomédicas y biotecnológicas [RD 99/2011],Doctorado,Incumple Régimen de permanencia,Mujeres,0,1,0,0,,,30/10/2022
2021,Zaragoza,Doctorado: PD Ciencias de la antigüedad [RD 99/2011],Doctorado,Abandono Voluntario,Mujeres,0,1,0,0,,,30/10/2022
2021,Zaragoza,Doctorado: PD Ciencias de la antigüedad [RD 99/2011],Doctorado,Graduado,Mujeres,1,0,0,0,"3,68",,30/10/2022
2021,Zaragoza,Doctorado: PD Ciencias de la antigüedad [RD 99/2011],Doctorado,Incumple Régimen de permanencia,Hombres,0,3,0,0,,,30/10/2022
2021,Zaragoza,Doctorado: PD Ciencias de la antigüedad [RD 99/2011],Doctorado,Incumple Régimen de permanencia,Mujeres,0,1,0,0,,,30/10/2022
2021,Zaragoza,Doctorado: PD Ciencias de la salud y del deporte [RD 99/2011],Doctorado,Abandono Voluntario,Hombres,0,3,0,0,,,30/10/2022
2021,Zaragoza,Doctorado: PD Ciencias de la salud y del deporte [RD 99/2011],Doctorado,Abandono Voluntario,Mujeres,0,1,0,0,,,30/10/2022
2021,Zaragoza,Doctorado: PD Ciencias de la salud y del deporte [RD 99/2011],Doctorado,Graduado,Hombres,9,0,0,0,"4,88",,30/10/2022
2021,Zaragoza,Doctorado: PD Ciencias de la salud y del deporte [RD 99/2011],Doctorado,Graduado,Mujeres,6,0,0,0,"5,17",,30/10/2022
2021,Zaragoza,Doctorado: PD Ciencias de la salud y del deporte [RD 99/2011],Doctorado,Incumple Régimen de permanencia,Hombres,0,2,0,0,,,30/10/2022
2021,Zaragoza,Doctorado: PD Ciencias de la salud y del deporte [RD 99/2011],Doctorado,Incumple Régimen de permanencia,Mujeres,0,1,0,0,,,30/10/2022
2021,Zaragoza,Doctorado: PD Contabilidad y finanzas [RD 99/2011],Doctorado,Abandono Voluntario,Hombres,0,3,0,0,,,30/10/2022
2021,Zaragoza,Doctorado: PD Contabilidad y finanzas [RD 99/2011],Doctorado,Graduado,Hombres,2,0,0,0,"3,68",,30/10/2022
2021,Zaragoza,Doctorado: PD Contabilidad y finanzas [RD 99/2011],Doctorado,Graduado,Mujeres,4,0,0,0,"4,39",,30/10/2022
2021,Zaragoza,Doctorado: PD Contabilidad y finanzas [RD 99/2011],Doctorado,Incumple Régimen de permanencia,Hombres,0,1,0,0,,,30/10/2022
2021,Zaragoza,Doctorado: PD Derecho [RD 99/2011],Doctorado,Abandono Voluntario,Hombres,0,3,0,0,,,30/10/2022
2021,Zaragoza,Doctorado: PD Derecho [RD 99/2011],Doctorado,Abandono Voluntario,Mujeres,0,4,0,0,,,30/10/2022
2021,Zaragoza,Doctorado: PD Derecho [RD 99/2011],Doctorado,Graduado,Hombres,6,0,0,0,"3,82",,30/10/2022
2021,Zaragoza,Doctorado: PD Derecho [RD 99/2011],Doctorado,Graduado,Mujeres,4,0,0,0,"3,92",,30/10/2022
2021,Zaragoza,Doctorado: PD Derecho [RD 99/2011],Doctorado,Incumple Régimen de permanencia,Hombres,0,3,0,0,,,30/10/2022
2021,Zaragoza,Doctorado: PD Derecho [RD 99/2011],Doctorado,Incumple Régimen de permanencia,Mujeres,0,5,0,0,,,30/10/2022
2021,Zaragoza,Doctorado: PD Derechos humanos y libertades fundamentales [RD 99/2011],Doctorado,Graduado,Hombres,2,0,0,0,"5,68",,30/10/2022
2021,Zaragoza,Doctorado: PD Derechos humanos y libertades fundamentales [RD 99/2011],Doctorado,Graduado,Mujeres,2,0,0,0,"5,93",,30/10/2022
2021,Zaragoza,Doctorado: PD Derechos humanos y libertades fundamentales [RD 99/2011],Doctorado,Incumple Régimen de permanencia,Mujeres,0,1,0,0,,,30/10/2022
2021,Zaragoza,Doctorado: PD Economía [RD 99/2011],Doctorado,Abandono Voluntario,Hombres,0,1,0,0,,,30/10/2022
2021,Zaragoza,Doctorado: PD Economía [RD 99/2011],Doctorado,Abandono Voluntario,Mujeres,0,1,0,0,,,30/10/2022
2021,Zaragoza,Doctorado: PD Economía [RD 99/2011],Doctorado,Graduado,Hombres,4,0,0,0,"5,22",,30/10/2022
2021,Zaragoza,Doctorado: PD Economía [RD 99/2011],Doctorado,Graduado,Mujeres,1,0,0,0,"4,84",,30/10/2022
2021,Zaragoza,Doctorado: PD Economía [RD 99/2011],Doctorado,Incumple Régimen de permanencia,Hombres,0,1,0,0,,,30/10/2022
2021,Zaragoza,Doctorado: PD Economía [RD 99/2011],Doctorado,Incumple Régimen de permanencia,Mujeres,0,1,0,0,,,30/10/2022
2021,Zaragoza,Doctorado: PD Economía y gestión de las organizaciones [RD 99/2011],Doctorado,Abandono Voluntario,Hombres,0,4,0,0,,,30/10/2022
2021,Zaragoza,Doctorado: PD Economía y gestión de las organizaciones [RD 99/2011],Doctorado,Abandono Voluntario,Mujeres,0,1,0,0,,,30/10/2022
2021,Zaragoza,Doctorado: PD Economía y gestión de las organizaciones [RD 99/2011],Doctorado,Graduado,Hombres,2,0,0,0,"4,17",,30/10/2022
2021,Zaragoza,Doctorado: PD Economía y gestión de las organizaciones [RD 99/2011],Doctorado,Graduado,Mujeres,2,0,0,0,"3,17",,30/10/2022
2021,Zaragoza,Doctorado: PD Economía y gestión de las organizaciones [RD 99/2011],Doctorado,Incumple Régimen de permanencia,Hombres,0,2,0,0,,,30/10/2022
2021,Zaragoza,Doctorado: PD Economía y gestión de las organizaciones [RD 99/2011],Doctorado,Incumple Régimen de permanencia,Mujeres,0,3,0,0,,,30/10/2022
2021,Zaragoza,Doctorado: PD Educación [RD 99/2011],Doctorado,Abandono Voluntario,Hombres,0,3,0,0,,,30/10/2022
2021,Zaragoza,Doctorado: PD Educación [RD 99/2011],Doctorado,Abandono Voluntario,Mujeres,0,3,0,0,,,30/10/2022
2021,Zaragoza,Doctorado: PD Educación [RD 99/2011],Doctorado,Graduado,Hombres,8,0,0,0,"3,46",,30/10/2022
2021,Zaragoza,Doctorado: PD Educación [RD 99/2011],Doctorado,Graduado,Mujeres,13,0,0,0,"4,33",,30/10/2022
2021,Zaragoza,Doctorado: PD Educación [RD 99/2011],Doctorado,Incumple Régimen de permanencia,Hombres,0,3,0,0,,,30/10/2022
2021,Zaragoza,Doctorado: PD Educación [RD 99/2011],Doctorado,Incumple Régimen de permanencia,Mujeres,0,5,0,0,,,30/10/2022
2021,Zaragoza,Doctorado: PD Energías renovables y eficiencia energética [RD 99/2011],Doctorado,Graduado,Hombres,3,0,0,0,"4,89",,30/10/2022
2021,Zaragoza,Doctorado: PD Energías renovables y eficiencia energética [RD 99/2011],Doctorado,Graduado,Mujeres,1,0,0,0,"2,86",,30/10/2022
2021,Zaragoza,Doctorado: PD Energías renovables y eficiencia energética [RD 99/2011],Doctorado,Incumple Régimen de permanencia,Hombres,0,5,0,0,,,30/10/2022
2021,Zaragoza,Doctorado: PD Energías renovables y eficiencia energética [RD 99/2011],Doctorado,Incumple Régimen de permanencia,Mujeres,0,3,0,0,,,30/10/2022
2021,Zaragoza,Doctorado: PD Estudios ingleses [RD 99/2011],Doctorado,Abandono Voluntario,Hombres,0,1,0,0,,,30/10/2022
2021,Zaragoza,Doctorado: PD Estudios ingleses [RD 99/2011],Doctorado,Graduado,Hombres,1,0,0,0,"4,48",,30/10/2022
2021,Zaragoza,Doctorado: PD Estudios ingleses [RD 99/2011],Doctorado,Graduado,Mujeres,5,0,0,0,"4,52",,30/10/2022
2021,Zaragoza,Doctorado: PD Filosofía [RD 99/2011],Doctorado,Graduado,Hombres,1,0,0,0,"4,21",,30/10/2022
2021,Zaragoza,Doctorado: PD Física [RD 99/2011],Doctorado,Abandono Voluntario,Hombres,0,3,0,0,,,30/10/2022
2021,Zaragoza,Doctorado: PD Física [RD 99/2011],Doctorado,Graduado,Hombres,10,0,0,0,"4,43",,30/10/2022
2021,Zaragoza,Doctorado: PD Física [RD 99/2011],Doctorado,Graduado,Mujeres,2,0,0,0,"3,87",,30/10/2022
2021,Zaragoza,Doctorado: PD Física [RD 99/2011],Doctorado,Incumple Régimen de permanencia,Hombres,0,2,0,0,,,30/10/2022
2021,Zaragoza,Doctorado: PD Geología [RD 99/2011],Doctorado,Abandono Voluntario,Mujeres,0,1,0,0,,,30/10/2022
2021,Zaragoza,Doctorado: PD Geología [RD 99/2011],Doctorado,Graduado,Hombres,2,0,0,0,"5,26",,30/10/2022
2021,Zaragoza,Doctorado: PD Geología [RD 99/2011],Doctorado,Incumple Régimen de permanencia,Hombres,0,1,0,0,,,30/10/2022
2021,Zaragoza,Doctorado: PD Geología [RD 99/2011],Doctorado,Incumple Régimen de permanencia,Mujeres,0,1,0,0,,,30/10/2022
2021,Zaragoza,Doctorado: PD Historia contemporánea [RD 99/2011],Doctorado,Abandono Voluntario,Hombres,0,2,0,0,,,30/10/2022
2021,Zaragoza,Doctorado: PD Historia contemporánea [RD 99/2011],Doctorado,Graduado,Hombres,2,0,0,0,"4,64",,30/10/2022
2021,Zaragoza,Doctorado: PD Historia contemporánea [RD 99/2011],Doctorado,Graduado,Mujeres,2,0,0,0,"5,31",,30/10/2022
2021,Zaragoza,Doctorado: PD Historia contemporánea [RD 99/2011],Doctorado,Incumple Régimen de permanencia,Mujeres,0,1,0,0,,,30/10/2022
2021,Zaragoza,Doctorado: PD Historia del arte [RD 99/2011],Doctorado,Abandono Voluntario,Hombres,0,1,0,0,,,30/10/2022
2021,Zaragoza,Doctorado: PD Historia del arte [RD 99/2011],Doctorado,Abandono Voluntario,Mujeres,0,2,0,0,,,30/10/2022
2021,Zaragoza,Doctorado: PD Historia del arte [RD 99/2011],Doctorado,Graduado,Hombres,5,0,0,0,"5,34",,30/10/2022
2021,Zaragoza,Doctorado: PD Historia del arte [RD 99/2011],Doctorado,Graduado,Mujeres,3,0,0,0,"4,66",,30/10/2022
2021,Zaragoza,Doctorado: PD Historia del arte [RD 99/2011],Doctorado,Incumple Régimen de permanencia,Mujeres,0,1,0,0,,,30/10/2022
2021,Zaragoza,"Doctorado: PD Historia, sociedad y cultura: épocas medieval y moderna [RD 99/2011]",Doctorado,Graduado,Mujeres,1,0,0,0,"2,90",,30/10/2022
2021,Zaragoza,"Doctorado: PD Historia, sociedad y cultura: épocas medieval y moderna [RD 99/2011]",Doctorado,Incumple Régimen de permanencia,Hombres,0,1,0,0,,,30/10/2022
2021,Zaragoza,Doctorado: PD Información y Comunicación [RD 99/2011],Doctorado,Graduado,Mujeres,1,0,0,0,"5,28",,30/10/2022
2021,Zaragoza,Doctorado: PD Información y Comunicación [RD 99/2011],Doctorado,Incumple Régimen de permanencia,Mujeres,0,1,0,0,,,30/10/2022
2021,Zaragoza,Doctorado: PD Ingeniería biomédica [RD 99/2011],Doctorado,Abandono Voluntario,Hombres,0,2,0,0,,,30/10/2022
2021,Zaragoza,Doctorado: PD Ingeniería biomédica [RD 99/2011],Doctorado,Abandono Voluntario,Mujeres,0,1,0,0,,,30/10/2022
2021,Zaragoza,Doctorado: PD Ingeniería biomédica [RD 99/2011],Doctorado,Graduado,Hombres,3,0,0,0,"4,71",,30/10/2022
2021,Zaragoza,Doctorado: PD Ingeniería biomédica [RD 99/2011],Doctorado,Graduado,Mujeres,4,0,0,0,"5,02",,30/10/2022
2021,Zaragoza,Doctorado: PD Ingeniería biomédica [RD 99/2011],Doctorado,Incumple Régimen de permanencia,Mujeres,0,1,0,0,,,30/10/2022
2021,Zaragoza,Doctorado: PD Ingeniería de diseño y fabricación [RD 99/2011],Doctorado,Abandono Voluntario,Hombres,0,1,0,0,,,30/10/2022
2021,Zaragoza,Doctorado: PD Ingeniería de diseño y fabricación [RD 99/2011],Doctorado,Graduado,Hombres,1,0,0,0,"6,30",,30/10/2022
2021,Zaragoza,Doctorado: PD Ingeniería de diseño y fabricación [RD 99/2011],Doctorado,Graduado,Mujeres,1,0,0,0,"4,65",,30/10/2022
2021,Zaragoza,Doctorado: PD Ingeniería de sistemas e informática [RD 99/2011],Doctorado,Abandono Voluntario,Hombres,0,5,0,0,,,30/10/2022
2021,Zaragoza,Doctorado: PD Ingeniería de sistemas e informática [RD 99/2011],Doctorado,Abandono Voluntario,Mujeres,0,1,0,0,,,30/10/2022
2021,Zaragoza,Doctorado: PD Ingeniería de sistemas e informática [RD 99/2011],Doctorado,Graduado,Hombres,6,0,0,0,"4,26",,30/10/2022
2021,Zaragoza,Doctorado: PD Ingeniería de sistemas e informática [RD 99/2011],Doctorado,Graduado,Mujeres,2,0,0,0,"4,06",,30/10/2022
2021,Zaragoza,Doctorado: PD Ingeniería de sistemas e informática [RD 99/2011],Doctorado,Incumple Régimen de permanencia,Hombres,0,2,0,0,,,30/10/2022
2021,Zaragoza,Doctorado: PD Ingeniería de sistemas e informática [RD 99/2011],Doctorado,Incumple Régimen de permanencia,Mujeres,0,1,0,0,,,30/10/2022
2021,Zaragoza,Doctorado: PD Ingeniería electrónica [RD 99/2011],Doctorado,Graduado,Hombres,7,0,0,0,"4,45",,30/10/2022
2021,Zaragoza,Doctorado: PD Ingeniería electrónica [RD 99/2011],Doctorado,Incumple Régimen de permanencia,Hombres,0,1,0,0,,,30/10/2022
2021,Zaragoza,Doctorado: PD Ingeniería mecánica [RD 99/2011],Doctorado,Abandono Voluntario,Hombres,0,1,0,0,,,30/10/2022
2021,Zaragoza,Doctorado: PD Ingeniería mecánica [RD 99/2011],Doctorado,Abandono Voluntario,Mujeres,0,1,0,0,,,30/10/2022
2021,Zaragoza,Doctorado: PD Ingeniería mecánica [RD 99/2011],Doctorado,Graduado,Hombres,9,0,0,0,"4,09",,30/10/2022
2021,Zaragoza,Doctorado: PD Ingeniería mecánica [RD 99/2011],Doctorado,Graduado,Mujeres,2,0,0,0,"3,40",,30/10/2022
2021,Zaragoza,Doctorado: PD Ingeniería mecánica [RD 99/2011],Doctorado,Incumple Régimen de permanencia,Hombres,0,2,0,0,,,30/10/2022
2021,Zaragoza,Doctorado: PD Ingeniería química y del medio ambiente [RD 99/2011],Doctorado,Graduado,Hombres,3,0,0,0,"4,14",,30/10/2022
2021,Zaragoza,Doctorado: PD Ingeniería química y del medio ambiente [RD 99/2011],Doctorado,Graduado,Mujeres,2,0,0,0,"3,82",,30/10/2022
2021,Zaragoza,Doctorado: PD Ingeniería química y del medio ambiente [RD 99/2011],Doctorado,Incumple Régimen de permanencia,Hombres,0,1,0,0,,,30/10/2022
2021,Zaragoza,Doctorado: PD Ingeniería química y del medio ambiente [RD 99/2011],Doctorado,Incumple Régimen de permanencia,Mujeres,0,1,0,0,,,30/10/2022
2021,Zaragoza,Doctorado: PD Lingüística hispánica [RD 99/2011],Doctorado,Abandono Voluntario,Mujeres,0,3,0,0,,,30/10/2022
2021,Zaragoza,Doctorado: PD Lingüística hispánica [RD 99/2011],Doctorado,Graduado,Hombres,4,0,0,0,"4,91",,30/10/2022
2021,Zaragoza,Doctorado: PD Lingüística hispánica [RD 99/2011],Doctorado,Graduado,Mujeres,6,0,0,0,"5,90",,30/10/2022
2021,Zaragoza,Doctorado: PD Lingüística hispánica [RD 99/2011],Doctorado,Incumple Régimen de permanencia,Mujeres,0,1,0,0,,,30/10/2022
2021,Zaragoza,Doctorado: PD Literaturas hispánicas [RD 99/2011],Doctorado,Graduado,Mujeres,3,0,0,0,"5,56",,30/10/2022
2021,Zaragoza,Doctorado: PD Literaturas hispánicas [RD 99/2011],Doctorado,Incumple Régimen de permanencia,Hombres,0,1,0,0,,,30/10/2022
2021,Zaragoza,Doctorado: PD Literaturas hispánicas [RD 99/2011],Doctorado,Incumple Régimen de permanencia,Mujeres,0,2,0,0,,,30/10/2022
2021,Zaragoza,Doctorado: PD Matemáticas y estadística [RD 99/2011],Doctorado,Graduado,Hombres,1,0,0,0,"5,21",,30/10/2022
2021,Zaragoza,Doctorado: PD Matemáticas y estadística [RD 99/2011],Doctorado,Graduado,Mujeres,1,0,0,0,"4,21",,30/10/2022
2021,Zaragoza,Doctorado: PD Matemáticas y estadística [RD 99/2011],Doctorado,Incumple Régimen de permanencia,Hombres,0,1,0,0,,,30/10/2022
2021,Zaragoza,Doctorado: PD Mecánica de fluidos [RD 99/2011],Doctorado,Graduado,Hombres,1,0,0,0,"4,33",,30/10/2022
2021,Zaragoza,Doctorado: PD Mecánica de fluidos [RD 99/2011],Doctorado,Graduado,Mujeres,1,0,0,0,"4,21",,30/10/2022
2021,Zaragoza,Doctorado: PD Medicina [RD 99/2011],Doctorado,Abandono Voluntario,Hombres,0,1,0,0,,,30/10/2022
2021,Zaragoza,Doctorado: PD Medicina [RD 99/2011],Doctorado,Abandono Voluntario,Mujeres,0,12,0,0,,,30/10/2022
2021,Zaragoza,Doctorado: PD Medicina [RD 99/2011],Doctorado,Graduado,Hombres,6,0,0,0,"4,24",,30/10/2022
2021,Zaragoza,Doctorado: PD Medicina [RD 99/2011],Doctorado,Graduado,Mujeres,19,0,0,0,"4,60",,30/10/2022
2021,Zaragoza,Doctorado: PD Medicina [RD 99/2011],Doctorado,Incumple Régimen de permanencia,Hombres,0,6,0,0,,,30/10/2022
2021,Zaragoza,Doctorado: PD Medicina [RD 99/2011],Doctorado,Incumple Régimen de permanencia,Mujeres,0,10,0,0,,,30/10/2022
2021,Zaragoza,Doctorado: PD Medicina y sanidad animal [RD 99/2011],Doctorado,Abandono Voluntario,Hombres,0,1,0,0,,,30/10/2022
2021,Zaragoza,Doctorado: PD Medicina y sanidad animal [RD 99/2011],Doctorado,Graduado,Hombres,1,0,0,0,"4,21",,30/10/2022
2021,Zaragoza,Doctorado: PD Medicina y sanidad animal [RD 99/2011],Doctorado,Graduado,Mujeres,1,0,0,0,"5,21",,30/10/2022
2021,Zaragoza,Doctorado: PD Nuevos territorios en la arquitectura [RD 99/2011],Doctorado,Graduado,Mujeres,3,0,0,0,"5,95",,30/10/2022
2021,Zaragoza,Doctorado: PD Nuevos territorios en la arquitectura [RD 99/2011],Doctorado,Incumple Régimen de permanencia,Hombres,0,1,0,0,,,30/10/2022
2021,Zaragoza,Doctorado: PD Ordenación del territorio y medio ambiente [RD 99/2011],Doctorado,Graduado,Hombres,2,0,0,0,"5,80",,30/10/2022
2021,Zaragoza,Doctorado: PD Ordenación del territorio y medio ambiente [RD 99/2011],Doctorado,Graduado,Mujeres,1,0,0,0,"5,20",,30/10/2022
2021,Zaragoza,Doctorado: PD Ordenación del territorio y medio ambiente [RD 99/2011],Doctorado,Incumple Régimen de permanencia,Hombres,0,2,0,0,,,30/10/2022
2021,Zaragoza,Doctorado: PD Producción animal [RD 99/2011],Doctorado,Abandono Voluntario,Mujeres,0,1,0,0,,,30/10/2022
2021,Zaragoza,Doctorado: PD Química física [RD 99/2011],Doctorado,Graduado,Mujeres,1,0,0,0,"3,26",,30/10/2022
2021,Zaragoza,Doctorado: PD Química inorgánica [RD 99/2011],Doctorado,Graduado,Hombres,4,0,0,0,"4,80",,30/10/2022
2021,Zaragoza,Doctorado: PD Química inorgánica [RD 99/2011],Doctorado,Graduado,Mujeres,1,0,0,0,"3,90",,30/10/2022
2021,Zaragoza,Doctorado: PD Química inorgánica [RD 99/2011],Doctorado,Incumple Régimen de permanencia,Mujeres,0,1,0,0,,,30/10/2022
2021,Zaragoza,Doctorado: PD Química orgánica [RD 99/2011],Doctorado,Graduado,Hombres,1,0,0,0,"5,21",,30/10/2022
2021,Zaragoza,Doctorado: PD Química orgánica [RD 99/2011],Doctorado,Graduado,Mujeres,2,0,0,0,"2,17",,30/10/2022
2021,Zaragoza,Doctorado: PD Relaciones de género y estudios feministas [RD 99/2011],Doctorado,Abandono Voluntario,Hombres,0,1,0,0,,,30/10/2022
2021,Zaragoza,Doctorado: PD Relaciones de género y estudios feministas [RD 99/2011],Doctorado,Graduado,Mujeres,1,0,0,0,"5,31",,30/10/2022
2021,Zaragoza,Doctorado: PD Relaciones de género y estudios feministas [RD 99/2011],Doctorado,Incumple Régimen de permanencia,Mujeres,0,1,0,0,,,30/10/2022
2021,Zaragoza,Doctorado: PD Sociología de las políticas públicas y sociales [RD 99/2011],Doctorado,Abandono Voluntario,Hombres,0,2,0,0,,,30/10/2022
2021,Zaragoza,Doctorado: PD Sociología de las políticas públicas y sociales [RD 99/2011],Doctorado,Graduado,Hombres,3,0,0,0,"3,19",,30/10/2022
2021,Zaragoza,Doctorado: PD Sociología de las políticas públicas y sociales [RD 99/2011],Doctorado,Graduado,Mujeres,3,0,0,0,"4,76",,30/10/2022
2021,Zaragoza,Doctorado: PD Sociología de las políticas públicas y sociales [RD 99/2011],Doctorado,Incumple Régimen de permanencia,Hombres,0,1,0,0,,,30/10/2022
2021,Zaragoza,Doctorado: PD Sociología de las políticas públicas y sociales [RD 99/2011],Doctorado,Incumple Régimen de permanencia,Mujeres,0,2,0,0,,,30/10/2022
2021,Zaragoza,Doctorado: PD Tecnologías de la información y comunicaciones en redes moviles [RD 99/2011],Doctorado,Abandono Voluntario,Mujeres,0,1,0,0,,,30/10/2022
2021,Zaragoza,Doctorado: PD Tecnologías de la información y comunicaciones en redes moviles [RD 99/2011],Doctorado,Graduado,Mujeres,2,0,0,0,"4,62",,30/10/2022
2021,Zaragoza,Filología Hispánica,Licenciatura o equivalente,Traslado a otra Universidad,Hombres,0,0,0,2,,,30/10/2022
2021,Zaragoza,Filología Inglesa,Licenciatura o equivalente,Traslado a otra Universidad,Mujeres,0,0,0,1,,,30/10/2022
2021,Zaragoza,Físicas,Licenciatura o equivalente,Traslado a otra Universidad,Mujeres,0,0,0,1,,,30/10/2022
2021,Zaragoza,Geografía e Historia,Licenciatura o equivalente,Traslado a otra Universidad,Mujeres,0,0,0,1,,,30/10/2022
2021,Zaragoza,Grado: Administración y Dirección de Empresas,Grado,Abandono Voluntario,Hombres,0,98,37,0,,,30/10/2022
2021,Zaragoza,Grado: Administración y Dirección de Empresas,Grado,Abandono Voluntario,Mujeres,0,51,13,0,,,30/10/2022
2021,Zaragoza,Grado: Administración y Dirección de Empresas,Grado,Cambio de estudios sin simultaneidad,Hombres,0,19,13,0,,,30/10/2022
2021,Zaragoza,Grado: Administración y Dirección de Empresas,Grado,Cambio de estudios sin simultaneidad,Mujeres,0,9,7,0,,,30/10/2022
2021,Zaragoza,Grado: Administración y Dirección de Empresas,Grado,Graduado,Hombres,134,0,0,0,"5,35","85,04",30/10/2022
2021,Zaragoza,Grado: Administración y Dirección de Empresas,Grado,Graduado,Mujeres,145,0,0,0,"5,26","90,02",30/10/2022
2021,Zaragoza,Grado: Administración y Dirección de Empresas,Grado,Traslado a otra Universidad,Hombres,0,0,0,14,,,30/10/2022
2021,Zaragoza,Grado: Administración y Dirección de Empresas,Grado,Traslado a otra Universidad,Mujeres,0,0,0,5,,,30/10/2022
2021,Zaragoza,Grado: Biotecnología,Grado,Abandono Voluntario,Hombres,0,2,1,0,,,30/10/2022
2021,Zaragoza,Grado: Biotecnología,Grado,Abandono Voluntario,Mujeres,0,1,0,0,,,30/10/2022
2021,Zaragoza,Grado: Biotecnología,Grado,Cambio de estudios sin simultaneidad,Hombres,0,3,3,0,,,30/10/2022
2021,Zaragoza,Grado: Biotecnología,Grado,Cambio de estudios sin simultaneidad,Mujeres,0,1,1,0,,,30/10/2022
2021,Zaragoza,Grado: Biotecnología,Grado,Graduado,Hombres,19,0,0,0,"4,32","94,65",30/10/2022
2021,Zaragoza,Grado: Biotecnología,Grado,Graduado,Mujeres,44,0,0,0,"4,17","95,65",30/10/2022
2021,Zaragoza,Grado: Biotecnología,Grado,Traslado a otra Universidad,Hombres,0,0,0,1,,,30/10/2022
2021,Zaragoza,Grado: Ciencia y Tecnología de los Alimentos,Grado,Abandono Voluntario,Hombres,0,5,1,0,,,30/10/2022
2021,Zaragoza,Grado: Ciencia y Tecnología de los Alimentos,Grado,Abandono Voluntario,Mujeres,0,2,0,0,,,30/10/2022
2021,Zaragoza,Grado: Ciencia y Tecnología de los Alimentos,Grado,Cambio de estudios sin simultaneidad,Mujeres,0,1,0,0,,,30/10/2022
2021,Zaragoza,Grado: Ciencia y Tecnología de los Alimentos,Grado,Graduado,Hombres,20,0,0,0,"4,74","92,31",30/10/2022
2021,Zaragoza,Grado: Ciencia y Tecnología de los Alimentos,Grado,Graduado,Mujeres,31,0,0,0,"4,55","94,72",30/10/2022
2021,Zaragoza,Grado: Ciencia y Tecnología de los Alimentos,Grado,Traslado a otra Universidad,Hombres,0,0,0,1,,,30/10/2022
2021,Zaragoza,Grado: Derecho,Grado,Abandono Voluntario,Hombres,0,18,6,0,,,30/10/2022
2021,Zaragoza,Grado: Derecho,Grado,Abandono Voluntario,Mujeres,0,36,12,0,,,30/10/2022
2021,Zaragoza,Grado: Derecho,Grado,Cambio de estudios sin simultaneidad,Hombres,0,6,3,0,,,30/10/2022
2021,Zaragoza,Grado: Derecho,Grado,Cambio de estudios sin simultaneidad,Mujeres,0,9,4,0,,,30/10/2022
2021,Zaragoza,Grado: Derecho,Grado,Graduado,Hombres,106,0,0,0,"5,17","87,35",30/10/2022
2021,Zaragoza,Grado: Derecho,Grado,Graduado,Mujeres,189,0,0,0,"5,14","89,96",30/10/2022
2021,Zaragoza,Grado: Derecho,Grado,Traslado a otra Universidad,Hombres,0,0,0,13,,,30/10/2022
2021,Zaragoza,Grado: Derecho,Grado,Traslado a otra Universidad,Mujeres,0,0,0,7,,,30/10/2022
2021,Zaragoza,Grado: Economía,Grado,Abandono Voluntario,Hombres,0,59,33,0,,,30/10/2022
2021,Zaragoza,Grado: Economía,Grado,Abandono Voluntario,Mujeres,0,25,10,0,,,30/10/2022
2021,Zaragoza,Grado: Economía,Grado,Cambio de estudios sin simultaneidad,Hombres,0,15,8,0,,,30/10/2022
2021,Zaragoza,Grado: Economía,Grado,Cambio de estudios sin simultaneidad,Mujeres,0,2,2,0,,,30/10/2022
2021,Zaragoza,Grado: Economía,Grado,Graduado,Hombres,53,0,0,0,"5,44","79,61",30/10/2022
2021,Zaragoza,Grado: Economía,Grado,Graduado,Mujeres,38,0,0,0,"5,22","82,56",30/10/2022
2021,Zaragoza,Grado: Economía,Grado,Traslado a otra Universidad,Hombres,0,0,0,8,,,30/10/2022
2021,Zaragoza,Grado: Economía,Grado,Traslado a otra Universidad,Mujeres,0,0,0,2,,,30/10/2022
2021,Zaragoza,Grado: Enfermería,Grado,Abandono Voluntario,Hombres,0,2,2,0,,,30/10/2022
2021,Zaragoza,Grado: Enfermería,Grado,Abandono Voluntario,Mujeres,0,3,3,0,,,30/10/2022
2021,Zaragoza,Grado: Enfermería,Grado,Cambio de estudios sin simultaneidad,Hombres,0,2,2,0,,,30/10/2022
2021,Zaragoza,Grado: Enfermería,Grado,Cambio de estudios sin simultaneidad,Mujeres,0,5,5,0,,,30/10/2022
2021,Zaragoza,Grado: Enfermería,Grado,Graduado,Hombres,22,0,0,0,"4,00","95,76",30/10/2022
2021,Zaragoza,Grado: Enfermería,Grado,Graduado,Mujeres,124,0,0,0,"4,02","97,81",30/10/2022
2021,Zaragoza,Grado: Enfermería,Grado,Traslado a otra Universidad,Hombres,0,0,0,1,,,30/10/2022
2021,Zaragoza,Grado: Enfermería,Grado,Traslado a otra Universidad,Mujeres,0,0,0,7,,,30/10/2022
2021,Zaragoza,Grado: Estudios Clásicos,Grado,Abandono Voluntario,Hombres,0,3,1,0,,,30/10/2022
2021,Zaragoza,Grado: Estudios Clásicos,Grado,Abandono Voluntario,Mujeres,0,7,3,0,,,30/10/2022
2021,Zaragoza,Grado: Estudios Clásicos,Grado,Cambio de estudios sin simultaneidad,Mujeres,0,3,2,0,,,30/10/2022
2021,Zaragoza,Grado: Estudios Clásicos,Grado,Graduado,Hombres,3,0,0,0,"4,00","96,00",30/10/2022
2021,Zaragoza,Grado: Estudios Clásicos,Grado,Graduado,Mujeres,4,0,0,0,"5,25","83,56",30/10/2022
2021,Zaragoza,Grado: Estudios Clásicos,Grado,Traslado a otra Universidad,Mujeres,0,0,0,2,,,30/10/2022
2021,Zaragoza,Grado: Estudios en Arquitectura,Grado,Abandono Voluntario,Hombres,0,12,5,0,,,30/10/2022
2021,Zaragoza,Grado: Estudios en Arquitectura,Grado,Abandono Voluntario,Mujeres,0,4,2,0,,,30/10/2022
2021,Zaragoza,Grado: Estudios en Arquitectura,Grado,Cambio de estudios sin simultaneidad,Hombres,0,2,1,0,,,30/10/2022
2021,Zaragoza,Grado: Estudios en Arquitectura,Grado,Cambio de estudios sin simultaneidad,Mujeres,0,4,2,0,,,30/10/2022
2021,Zaragoza,Grado: Estudios en Arquitectura,Grado,Graduado,Hombres,14,0,0,0,"6,45","81,29",30/10/2022
2021,Zaragoza,Grado: Estudios en Arquitectura,Grado,Graduado,Mujeres,8,0,0,0,"6,50","84,18",30/10/2022
2021,Zaragoza,Grado: Estudios Ingleses,Grado,Abandono Voluntario,Hombres,0,9,4,0,,,30/10/2022
2021,Zaragoza,Grado: Estudios Ingleses,Grado,Abandono Voluntario,Mujeres,0,14,4,0,,,30/10/2022
2021,Zaragoza,Grado: Estudios Ingleses,Grado,Cambio de estudios sin simultaneidad,Hombres,0,2,1,0,,,30/10/2022
2021,Zaragoza,Grado: Estudios Ingleses,Grado,Cambio de estudios sin simultaneidad,Mujeres,0,3,2,0,,,30/10/2022
2021,Zaragoza,Grado: Estudios Ingleses,Grado,Graduado,Hombres,10,0,0,0,"4,80","88,64",30/10/2022
2021,Zaragoza,Grado: Estudios Ingleses,Grado,Graduado,Mujeres,33,0,0,0,"4,66","88,33",30/10/2022
2021,Zaragoza,Grado: Estudios Ingleses,Grado,Traslado a otra Universidad,Hombres,0,0,0,2,,,30/10/2022
2021,Zaragoza,Grado: Estudios Ingleses,Grado,Traslado a otra Universidad,Mujeres,0,0,0,4,,,30/10/2022
2021,Zaragoza,Grado: Filología Hispánica,Grado,Abandono Voluntario,Hombres,0,6,2,0,,,30/10/2022
2021,Zaragoza,Grado: Filología Hispánica,Grado,Abandono Voluntario,Mujeres,0,14,7,0,,,30/10/2022
2021,Zaragoza,Grado: Filología Hispánica,Grado,Cambio de estudios sin simultaneidad,Hombres,0,5,4,0,,,30/10/2022
2021,Zaragoza,Grado: Filología Hispánica,Grado,Cambio de estudios sin simultaneidad,Mujeres,0,3,2,0,,,30/10/2022
2021,Zaragoza,Grado: Filología Hispánica,Grado,Graduado,Hombres,8,0,0,0,"4,75","92,28",30/10/2022
2021,Zaragoza,Grado: Filología Hispánica,Grado,Graduado,Mujeres,24,0,0,0,"4,29","92,85",30/10/2022
2021,Zaragoza,Grado: Filología Hispánica,Grado,Traslado a otra Universidad,Mujeres,0,0,0,2,,,30/10/2022
2021,Zaragoza,Grado: Filosofía,Grado,Abandono Voluntario,Hombres,0,8,4,0,,,30/10/2022
2021,Zaragoza,Grado: Filosofía,Grado,Abandono Voluntario,Mujeres,0,10,3,0,,,30/10/2022
2021,Zaragoza,Grado: Filosofía,Grado,Cambio de estudios sin simultaneidad,Hombres,0,4,2,0,,,30/10/2022
2021,Zaragoza,Grado: Filosofía,Grado,Cambio de estudios sin simultaneidad,Mujeres,0,2,2,0,,,30/10/2022
2021,Zaragoza,Grado: Filosofía,Grado,Graduado,Hombres,14,0,0,0,"5,25","84,35",30/10/2022
2021,Zaragoza,Grado: Filosofía,Grado,Graduado,Mujeres,12,0,0,0,"4,36","95,78",30/10/2022
2021,Zaragoza,Grado: Filosofía,Grado,Traslado a otra Universidad,Hombres,0,0,0,1,,,30/10/2022
2021,Zaragoza,Grado: Filosofía,Grado,Traslado a otra Universidad,Mujeres,0,0,0,6,,,30/10/2022
2021,Zaragoza,Grado: Finanzas y Contabilidad,Grado,Abandono Voluntario,Hombres,0,33,20,0,,,30/10/2022
2021,Zaragoza,Grado: Finanzas y Contabilidad,Grado,Abandono Voluntario,Mujeres,0,21,10,0,,,30/10/2022
2021,Zaragoza,Grado: Finanzas y Contabilidad,Grado,Cambio de estudios sin simultaneidad,Hombres,0,9,7,0,,,30/10/2022
2021,Zaragoza,Grado: Finanzas y Contabilidad,Grado,Cambio de estudios sin simultaneidad,Mujeres,0,6,3,0,,,30/10/2022
2021,Zaragoza,Grado: Finanzas y Contabilidad,Grado,Graduado,Hombres,40,0,0,0,"5,16","83,27",30/10/2022
2021,Zaragoza,Grado: Finanzas y Contabilidad,Grado,Graduado,Mujeres,28,0,0,0,"5,04","85,76",30/10/2022
2021,Zaragoza,Grado: Finanzas y Contabilidad,Grado,Traslado a otra Universidad,Hombres,0,0,0,4,,,30/10/2022
2021,Zaragoza,Grado: Finanzas y Contabilidad,Grado,Traslado a otra Universidad,Mujeres,0,0,0,1,,,30/10/2022
2021,Zaragoza,Grado: Física,Grado,Abandono Voluntario,Hombres,0,1,1,0,,,30/10/2022
2021,Zaragoza,Grado: Física,Grado,Abandono Voluntario,Mujeres,0,1,1,0,,,30/10/2022
2021,Zaragoza,Grado: Física,Grado,Cambio de estudios sin simultaneidad,Hombres,0,6,4,0,,,30/10/2022
2021,Zaragoza,Grado: Física,Grado,Cambio de estudios sin simultaneidad,Mujeres,0,3,1,0,,,30/10/2022
2021,Zaragoza,Grado: Física,Grado,Graduado,Hombres,34,0,0,0,"4,87","85,77",30/10/2022
2021,Zaragoza,Grado: Física,Grado,Graduado,Mujeres,21,0,0,0,"4,61","87,64",30/10/2022
2021,Zaragoza,Grado: Física,Grado,Traslado a otra Universidad,Hombres,0,0,0,5,,,30/10/2022
2021,Zaragoza,Grado: Fisioterapia,Grado,Abandono Voluntario,Hombres,0,2,1,0,,,30/10/2022
2021,Zaragoza,Grado: Fisioterapia,Grado,Abandono Voluntario,Mujeres,0,1,0,0,,,30/10/2022
2021,Zaragoza,Grado: Fisioterapia,Grado,Graduado,Hombres,18,0,0,0,"4,00","98,61",30/10/2022
2021,Zaragoza,Grado: Fisioterapia,Grado,Graduado,Mujeres,32,0,0,0,"4,00","99,34",30/10/2022
2021,Zaragoza,Grado: Fisioterapia,Grado,Traslado a otra Universidad,Mujeres,0,0,0,3,,,30/10/2022
2021,Zaragoza,Grado: Geografía y Ordenación del Territorio,Grado,Abandono Voluntario,Hombres,0,18,4,0,,,30/10/2022
2021,Zaragoza,Grado: Geografía y Ordenación del Territorio,Grado,Abandono Voluntario,Mujeres,0,1,1,0,,,30/10/2022
2021,Zaragoza,Grado: Geografía y Ordenación del Territorio,Grado,Cambio de estudios sin simultaneidad,Hombres,0,1,1,0,,,30/10/2022
2021,Zaragoza,Grado: Geografía y Ordenación del Territorio,Grado,Cambio de estudios sin simultaneidad,Mujeres,0,1,1,0,,,30/10/2022
2021,Zaragoza,Grado: Geografía y Ordenación del Territorio,Grado,Graduado,Hombres,11,0,0,0,"5,55","86,43",30/10/2022
2021,Zaragoza,Grado: Geografía y Ordenación del Territorio,Grado,Graduado,Mujeres,6,0,0,0,"4,67","96,03",30/10/2022
2021,Zaragoza,Grado: Geografía y Ordenación del Territorio,Grado,Traslado a otra Universidad,Mujeres,0,0,0,1,,,30/10/2022
2021,Zaragoza,Grado: Geología,Grado,Abandono Voluntario,Hombres,0,8,8,0,,,30/10/2022
2021,Zaragoza,Grado: Geología,Grado,Abandono Voluntario,Mujeres,0,5,3,0,,,30/10/2022
2021,Zaragoza,Grado: Geología,Grado,Cambio de estudios sin simultaneidad,Hombres,0,3,3,0,,,30/10/2022
2021,Zaragoza,Grado: Geología,Grado,Graduado,Hombres,11,0,0,0,"5,40","84,24",30/10/2022
2021,Zaragoza,Grado: Geología,Grado,Graduado,Mujeres,6,0,0,0,"4,00","98,12",30/10/2022
2021,Zaragoza,Grado: Geología,Grado,Traslado a otra Universidad,Mujeres,0,0,0,1,,,30/10/2022
2021,Zaragoza,Grado: Historia,Grado,Abandono Voluntario,Hombres,0,36,13,0,,,30/10/2022
2021,Zaragoza,Grado: Historia,Grado,Abandono Voluntario,Mujeres,0,19,6,0,,,30/10/2022
2021,Zaragoza,Grado: Historia,Grado,Cambio de estudios sin simultaneidad,Hombres,0,2,2,0,,,30/10/2022
2021,Zaragoza,Grado: Historia,Grado,Cambio de estudios sin simultaneidad,Mujeres,0,2,2,0,,,30/10/2022
2021,Zaragoza,Grado: Historia,Grado,Graduado,Hombres,45,0,0,0,"4,68","92,33",30/10/2022
2021,Zaragoza,Grado: Historia,Grado,Graduado,Mujeres,24,0,0,0,"4,92","91,72",30/10/2022
2021,Zaragoza,Grado: Historia,Grado,Traslado a otra Universidad,Hombres,0,0,0,3,,,30/10/2022
2021,Zaragoza,Grado: Historia,Grado,Traslado a otra Universidad,Mujeres,0,0,0,2,,,30/10/2022
2021,Zaragoza,Grado: Historia del Arte,Grado,Abandono Voluntario,Hombres,0,11,7,0,,,30/10/2022
2021,Zaragoza,Grado: Historia del Arte,Grado,Abandono Voluntario,Mujeres,0,27,11,0,,,30/10/2022
2021,Zaragoza,Grado: Historia del Arte,Grado,Cambio de estudios sin simultaneidad,Hombres,0,3,3,0,,,30/10/2022
2021,Zaragoza,Grado: Historia del Arte,Grado,Cambio de estudios sin simultaneidad,Mujeres,0,2,1,0,,,30/10/2022
2021,Zaragoza,Grado: Historia del Arte,Grado,Graduado,Hombres,10,0,0,0,"5,25","90,87",30/10/2022
2021,Zaragoza,Grado: Historia del Arte,Grado,Graduado,Mujeres,15,0,0,0,"5,15","93,88",30/10/2022
2021,Zaragoza,Grado: Historia del Arte,Grado,Traslado a otra Universidad,Hombres,0,0,0,1,,,30/10/2022
2021,Zaragoza,Grado: Historia del Arte,Grado,Traslado a otra Universidad,Mujeres,0,0,0,3,,,30/10/2022
2021,Zaragoza,Grado: Información y Documentación,Grado,Abandono Voluntario,Mujeres,0,6,4,0,,,30/10/2022
2021,Zaragoza,Grado: Información y Documentación,Grado,Graduado,Hombres,2,0,0,0,"8,00","82,47",30/10/2022
2021,Zaragoza,Grado: Información y Documentación,Grado,Graduado,Mujeres,5,0,0,0,"4,40","93,40",30/10/2022
2021,Zaragoza,Grado: Ingeniería de Organización Industrial,Grado,Abandono Voluntario,Hombres,0,10,8,0,,,30/10/2022
2021,Zaragoza,Grado: Ingeniería de Organización Industrial,Grado,Abandono Voluntario,Mujeres,0,1,0,0,,,30/10/2022
2021,Zaragoza,Grado: Ingeniería de Organización Industrial,Grado,Cambio de estudios sin simultaneidad,Hombres,0,1,1,0,,,30/10/2022
2021,Zaragoza,Grado: Ingeniería de Organización Industrial,Grado,Graduado,Hombres,190,0,0,0,"5,39","92,37",30/10/2022
2021,Zaragoza,Grado: Ingeniería de Organización Industrial,Grado,Graduado,Mujeres,18,0,0,0,"5,69","87,90",30/10/2022
2021,Zaragoza,Grado: Ingeniería de Organización Industrial,Grado,Traslado a otra Universidad,Hombres,0,0,0,14,,,30/10/2022
2021,Zaragoza,Grado: Ingeniería de Organización Industrial,Grado,Traslado a otra Universidad,Mujeres,0,0,0,1,,,30/10/2022
2021,Zaragoza,Grado: Ingeniería de Tecnologías Industriales,Grado,Abandono Voluntario,Hombres,0,24,10,0,,,30/10/2022
2021,Zaragoza,Grado: Ingeniería de Tecnologías Industriales,Grado,Abandono Voluntario,Mujeres,0,3,2,0,,,30/10/2022
2021,Zaragoza,Grado: Ingeniería de Tecnologías Industriales,Grado,Cambio de estudios sin simultaneidad,Hombres,0,21,9,0,,,30/10/2022
2021,Zaragoza,Grado: Ingeniería de Tecnologías Industriales,Grado,Cambio de estudios sin simultaneidad,Mujeres,0,1,0,0,,,30/10/2022
2021,Zaragoza,Grado: Ingeniería de Tecnologías Industriales,Grado,Graduado,Hombres,64,0,0,0,"5,20","81,61",30/10/2022
2021,Zaragoza,Grado: Ingeniería de Tecnologías Industriales,Grado,Graduado,Mujeres,21,0,0,0,"5,00","82,22",30/10/2022
2021,Zaragoza,Grado: Ingeniería de Tecnologías Industriales,Grado,Traslado a otra Universidad,Hombres,0,0,0,6,,,30/10/2022
2021,Zaragoza,Grado: Ingeniería de Tecnologías Industriales,Grado,Traslado a otra Universidad,Mujeres,0,0,0,2,,,30/10/2022
2021,Zaragoza,Grado: Ingeniería de Tecnologías y Servicios de Telecomunicación,Grado,Abandono Voluntario,Hombres,0,22,11,0,,,30/10/2022
2021,Zaragoza,Grado: Ingeniería de Tecnologías y Servicios de Telecomunicación,Grado,Abandono Voluntario,Mujeres,0,4,2,0,,,30/10/2022
2021,Zaragoza,Grado: Ingeniería de Tecnologías y Servicios de Telecomunicación,Grado,Cambio de estudios sin simultaneidad,Hombres,0,12,10,0,,,30/10/2022
2021,Zaragoza,Grado: Ingeniería de Tecnologías y Servicios de Telecomunicación,Grado,Cambio de estudios sin simultaneidad,Mujeres,0,2,2,0,,,30/10/2022
2021,Zaragoza,Grado: Ingeniería de Tecnologías y Servicios de Telecomunicación,Grado,Graduado,Hombres,17,0,0,0,"4,92","79,33",30/10/2022
2021,Zaragoza,Grado: Ingeniería de Tecnologías y Servicios de Telecomunicación,Grado,Graduado,Mujeres,2,0,0,0,"4,00","76,30",30/10/2022
2021,Zaragoza,Grado: Ingeniería de Tecnologías y Servicios de Telecomunicación,Grado,Traslado a otra Universidad,Hombres,0,0,0,4,,,30/10/2022
2021,Zaragoza,Grado: Ingeniería de Tecnologías y Servicios de Telecomunicación,Grado,Traslado a otra Universidad,Mujeres,0,0,0,1,,,30/10/2022
2021,Zaragoza,Grado: Ingeniería Electrica,Grado,Abandono Voluntario,Hombres,0,15,7,0,,,30/10/2022
2021,Zaragoza,Grado: Ingeniería Electrica,Grado,Cambio de estudios sin simultaneidad,Hombres,0,5,2,0,,,30/10/2022
2021,Zaragoza,Grado: Ingeniería Electrica,Grado,Cambio de estudios sin simultaneidad,Mujeres,0,2,1,0,,,30/10/2022
2021,Zaragoza,Grado: Ingeniería Electrica,Grado,Graduado,Hombres,19,0,0,0,"5,86","75,05",30/10/2022
2021,Zaragoza,Grado: Ingeniería Electrica,Grado,Graduado,Mujeres,3,0,0,0,"6,00","74,51",30/10/2022
2021,Zaragoza,Grado: Ingeniería Electrica,Grado,Traslado a otra Universidad,Hombres,0,0,0,3,,,30/10/2022
2021,Zaragoza,Grado: Ingeniería Electrica,Grado,Traslado a otra Universidad,Mujeres,0,0,0,1,,,30/10/2022
2021,Zaragoza,Grado: Ingeniería Electrónica y Automática,Grado,Abandono Voluntario,Hombres,0,37,29,0,,,30/10/2022
2021,Zaragoza,Grado: Ingeniería Electrónica y Automática,Grado,Abandono Voluntario,Mujeres,0,4,2,0,,,30/10/2022
2021,Zaragoza,Grado: Ingeniería Electrónica y Automática,Grado,Cambio de estudios sin simultaneidad,Hombres,0,6,2,0,,,30/10/2022
2021,Zaragoza,Grado: Ingeniería Electrónica y Automática,Grado,Graduado,Hombres,25,0,0,0,"5,71","76,82",30/10/2022
2021,Zaragoza,Grado: Ingeniería Electrónica y Automática,Grado,Graduado,Mujeres,8,0,0,0,"5,86","76,13",30/10/2022
2021,Zaragoza,Grado: Ingeniería Electrónica y Automática,Grado,Traslado a otra Universidad,Hombres,0,0,0,2,,,30/10/2022
2021,Zaragoza,Grado: Ingeniería Electrónica y Automática,Grado,Traslado a otra Universidad,Mujeres,0,0,0,1,,,30/10/2022
2021,Zaragoza,Grado: Ingeniería Informática,Grado,Abandono Voluntario,Hombres,0,16,5,0,,,30/10/2022
2021,Zaragoza,Grado: Ingeniería Informática,Grado,Abandono Voluntario,Mujeres,0,3,1,0,,,30/10/2022
2021,Zaragoza,Grado: Ingeniería Informática,Grado,Cambio de estudios sin simultaneidad,Hombres,0,7,6,0,,,30/10/2022
2021,Zaragoza,Grado: Ingeniería Informática,Grado,Cambio de estudios sin simultaneidad,Mujeres,0,1,1,0,,,30/10/2022
2021,Zaragoza,Grado: Ingeniería Informática,Grado,Graduado,Hombres,49,0,0,0,"4,73","90,56",30/10/2022
2021,Zaragoza,Grado: Ingeniería Informática,Grado,Graduado,Mujeres,9,0,0,0,"5,00","89,26",30/10/2022
2021,Zaragoza,Grado: Ingeniería Informática,Grado,Traslado a otra Universidad,Hombres,0,0,0,4,,,30/10/2022
2021,Zaragoza,Grado: Ingeniería Mecánica,Grado,Abandono Voluntario,Hombres,0,44,21,0,,,30/10/2022
2021,Zaragoza,Grado: Ingeniería Mecánica,Grado,Abandono Voluntario,Mujeres,0,6,1,0,,,30/10/2022
2021,Zaragoza,Grado: Ingeniería Mecánica,Grado,Cambio de estudios sin simultaneidad,Hombres,0,26,18,0,,,30/10/2022
2021,Zaragoza,Grado: Ingeniería Mecánica,Grado,Cambio de estudios sin simultaneidad,Mujeres,0,6,5,0,,,30/10/2022
2021,Zaragoza,Grado: Ingeniería Mecánica,Grado,Graduado,Hombres,70,0,0,0,"5,50","77,12",30/10/2022
2021,Zaragoza,Grado: Ingeniería Mecánica,Grado,Graduado,Mujeres,9,0,0,0,"5,44","80,36",30/10/2022
2021,Zaragoza,Grado: Ingeniería Mecánica,Grado,Traslado a otra Universidad,Hombres,0,0,0,6,,,30/10/2022
2021,Zaragoza,Grado: Ingeniería Mecánica,Grado,Traslado a otra Universidad,Mujeres,0,0,0,2,,,30/10/2022
2021,Zaragoza,Grado: Ingeniería Química,Grado,Abandono Voluntario,Hombres,0,10,8,0,,,30/10/2022
2021,Zaragoza,Grado: Ingeniería Química,Grado,Abandono Voluntario,Mujeres,0,7,4,0,,,30/10/2022
2021,Zaragoza,Grado: Ingeniería Química,Grado,Cambio de estudios sin simultaneidad,Hombres,0,7,6,0,,,30/10/2022
2021,Zaragoza,Grado: Ingeniería Química,Grado,Cambio de estudios sin simultaneidad,Mujeres,0,5,4,0,,,30/10/2022
2021,Zaragoza,Grado: Ingeniería Química,Grado,Graduado,Hombres,8,0,0,0,"5,50","82,26",30/10/2022
2021,Zaragoza,Grado: Ingeniería Química,Grado,Graduado,Mujeres,14,0,0,0,"5,14","82,62",30/10/2022
2021,Zaragoza,Grado: Ingeniería Química,Grado,Traslado a otra Universidad,Hombres,0,0,0,1,,,30/10/2022
2021,Zaragoza,Grado: Ingeniería Química,Grado,Traslado a otra Universidad,Mujeres,0,0,0,2,,,30/10/2022
2021,Zaragoza,Grado: Ingeniero en Diseño Industrial y Desarrollo de Producto,Grado,Abandono Voluntario,Hombres,0,7,5,0,,,30/10/2022
2021,Zaragoza,Grado: Ingeniero en Diseño Industrial y Desarrollo de Producto,Grado,Abandono Voluntario,Mujeres,0,3,1,0,,,30/10/2022
2021,Zaragoza,Grado: Ingeniero en Diseño Industrial y Desarrollo de Producto,Grado,Cambio de estudios sin simultaneidad,Mujeres,0,1,1,0,,,30/10/2022
2021,Zaragoza,Grado: Ingeniero en Diseño Industrial y Desarrollo de Producto,Grado,Graduado,Hombres,25,0,0,0,"4,68","89,52",30/10/2022
2021,Zaragoza,Grado: Ingeniero en Diseño Industrial y Desarrollo de Producto,Grado,Graduado,Mujeres,32,0,0,0,"4,70","88,02",30/10/2022
2021,Zaragoza,Grado: Ingeniero en Diseño Industrial y Desarrollo de Producto,Grado,Traslado a otra Universidad,Hombres,0,0,0,1,,,30/10/2022
2021,Zaragoza,Grado: Ingeniero en Diseño Industrial y Desarrollo de Producto,Grado,Traslado a otra Universidad,Mujeres,0,0,0,3,,,30/10/2022
2021,Zaragoza,Grado: Lenguas Modernas,Grado,Abandono Voluntario,Hombres,0,4,0,0,,,30/10/2022
2021,Zaragoza,Grado: Lenguas Modernas,Grado,Abandono Voluntario,Mujeres,0,10,4,0,,,30/10/2022
2021,Zaragoza,Grado: Lenguas Modernas,Grado,Cambio de estudios sin simultaneidad,Hombres,0,1,0,0,,,30/10/2022
2021,Zaragoza,Grado: Lenguas Modernas,Grado,Cambio de estudios sin simultaneidad,Mujeres,0,4,3,0,,,30/10/2022
2021,Zaragoza,Grado: Lenguas Modernas,Grado,Graduado,Hombres,2,0,0,0,"4,00","89,89",30/10/2022
2021,Zaragoza,Grado: Lenguas Modernas,Grado,Graduado,Mujeres,12,0,0,0,"4,73","90,35",30/10/2022
2021,Zaragoza,Grado: Lenguas Modernas,Grado,Traslado a otra Universidad,Hombres,0,0,0,1,,,30/10/2022
2021,Zaragoza,Grado: Lenguas Modernas,Grado,Traslado a otra Universidad,Mujeres,0,0,0,5,,,30/10/2022
2021,Zaragoza,Grado: Magisterio en Educación Infantil,Grado,Abandono Voluntario,Hombres,0,1,1,0,,,30/10/2022
2021,Zaragoza,Grado: Magisterio en Educación Infantil,Grado,Abandono Voluntario,Mujeres,0,8,6,0,,,30/10/2022
2021,Zaragoza,Grado: Magisterio en Educación Infantil,Grado,Cambio de estudios sin simultaneidad,Mujeres,0,4,4,0,,,30/10/2022
2021,Zaragoza,Grado: Magisterio en Educación Infantil,Grado,Graduado,Hombres,3,0,0,0,"6,50","72,07",30/10/2022
2021,Zaragoza,Grado: Magisterio en Educación Infantil,Grado,Graduado,Mujeres,84,0,0,0,"4,18","96,83",30/10/2022
2021,Zaragoza,Grado: Magisterio en Educación Primaria,Grado,Abandono Voluntario,Hombres,0,7,3,0,,,30/10/2022
2021,Zaragoza,Grado: Magisterio en Educación Primaria,Grado,Abandono Voluntario,Mujeres,0,16,7,0,,,30/10/2022
2021,Zaragoza,Grado: Magisterio en Educación Primaria,Grado,Cambio de estudios sin simultaneidad,Hombres,0,8,8,0,,,30/10/2022
2021,Zaragoza,Grado: Magisterio en Educación Primaria,Grado,Cambio de estudios sin simultaneidad,Mujeres,0,6,2,0,,,30/10/2022
2021,Zaragoza,Grado: Magisterio en Educación Primaria,Grado,Graduado,Hombres,77,0,0,0,"4,51","91,87",30/10/2022
2021,Zaragoza,Grado: Magisterio en Educación Primaria,Grado,Graduado,Mujeres,147,0,0,0,"4,24","95,57",30/10/2022
2021,Zaragoza,Grado: Marketing e Investigación de Mercados,Grado,Abandono Voluntario,Hombres,0,29,15,0,,,30/10/2022
2021,Zaragoza,Grado: Marketing e Investigación de Mercados,Grado,Abandono Voluntario,Mujeres,0,18,5,0,,,30/10/2022
2021,Zaragoza,Grado: Marketing e Investigación de Mercados,Grado,Cambio de estudios sin simultaneidad,Hombres,0,5,4,0,,,30/10/2022
2021,Zaragoza,Grado: Marketing e Investigación de Mercados,Grado,Cambio de estudios sin simultaneidad,Mujeres,0,3,2,0,,,30/10/2022
2021,Zaragoza,Grado: Marketing e Investigación de Mercados,Grado,Graduado,Hombres,33,0,0,0,"4,73","87,63",30/10/2022
2021,Zaragoza,Grado: Marketing e Investigación de Mercados,Grado,Graduado,Mujeres,46,0,0,0,"5,42","83,39",30/10/2022
2021,Zaragoza,Grado: Marketing e Investigación de Mercados,Grado,Traslado a otra Universidad,Hombres,0,0,0,4,,,30/10/2022
2021,Zaragoza,Grado: Matemáticas,Grado,Abandono Voluntario,Hombres,0,2,0,0,,,30/10/2022
2021,Zaragoza,Grado: Matemáticas,Grado,Cambio de estudios sin simultaneidad,Hombres,0,4,3,0,,,30/10/2022
2021,Zaragoza,Grado: Matemáticas,Grado,Cambio de estudios sin simultaneidad,Mujeres,0,2,0,0,,,30/10/2022
2021,Zaragoza,Grado: Matemáticas,Grado,Graduado,Hombres,39,0,0,0,"4,85","85,98",30/10/2022
2021,Zaragoza,Grado: Matemáticas,Grado,Graduado,Mujeres,15,0,0,0,"5,00","83,82",30/10/2022
2021,Zaragoza,Grado: Matemáticas,Grado,Traslado a otra Universidad,Hombres,0,0,0,1,,,30/10/2022
2021,Zaragoza,Grado: Matemáticas,Grado,Traslado a otra Universidad,Mujeres,0,0,0,2,,,30/10/2022
2021,Zaragoza,Grado: Medicina,Grado,Abandono Voluntario,Hombres,0,1,0,0,,,30/10/2022
2021,Zaragoza,Grado: Medicina,Grado,Abandono Voluntario,Mujeres,0,3,2,0,,,30/10/2022
2021,Zaragoza,Grado: Medicina,Grado,Cambio de estudios sin simultaneidad,Mujeres,0,2,1,0,,,30/10/2022
2021,Zaragoza,Grado: Medicina,Grado,Graduado,Hombres,56,0,0,0,"6,07","95,96",30/10/2022
2021,Zaragoza,Grado: Medicina,Grado,Graduado,Mujeres,140,0,0,0,"5,96","96,80",30/10/2022
2021,Zaragoza,Grado: Medicina,Grado,Traslado a otra Universidad,Hombres,0,0,0,1,,,30/10/2022
2021,Zaragoza,Grado: Medicina,Grado,Traslado a otra Universidad,Mujeres,0,0,0,6,,,30/10/2022
2021,Zaragoza,Grado: Óptica y Optometría,Grado,Abandono Voluntario,Hombres,0,6,2,0,,,30/10/2022
2021,Zaragoza,Grado: Óptica y Optometría,Grado,Abandono Voluntario,Mujeres,0,5,2,0,,,30/10/2022
2021,Zaragoza,Grado: Óptica y Optometría,Grado,Graduado,Hombres,16,0,0,0,"4,33","92,56",30/10/2022
2021,Zaragoza,Grado: Óptica y Optometría,Grado,Graduado,Mujeres,27,0,0,0,"4,35","89,93",30/10/2022
2021,Zaragoza,Grado: Óptica y Optometría,Grado,Traslado a otra Universidad,Mujeres,0,0,0,1,,,30/10/2022
2021,Zaragoza,Grado: Periodismo,Grado,Abandono Voluntario,Hombres,0,4,1,0,,,30/10/2022
2021,Zaragoza,Grado: Periodismo,Grado,Abandono Voluntario,Mujeres,0,6,1,0,,,30/10/2022
2021,Zaragoza,Grado: Periodismo,Grado,Cambio de estudios sin simultaneidad,Hombres,0,2,0,0,,,30/10/2022
2021,Zaragoza,Grado: Periodismo,Grado,Cambio de estudios sin simultaneidad,Mujeres,0,1,0,0,,,30/10/2022
2021,Zaragoza,Grado: Periodismo,Grado,Graduado,Hombres,16,0,0,0,"4,19","97,53",30/10/2022
2021,Zaragoza,Grado: Periodismo,Grado,Graduado,Mujeres,24,0,0,0,"4,50","98,16",30/10/2022
2021,Zaragoza,Grado: Periodismo,Grado,Traslado a otra Universidad,Mujeres,0,0,0,2,,,30/10/2022
2021,Zaragoza,Grado: Programa conjunto en Derecho-Administración y Dirección de Empresas,Grado,Abandono Voluntario,Hombres,0,2,1,0,,,30/10/2022
2021,Zaragoza,Grado: Programa conjunto en Derecho-Administración y Dirección de Empresas,Grado,Abandono Voluntario,Mujeres,0,1,0,0,,,30/10/2022
2021,Zaragoza,Grado: Programa conjunto en Derecho-Administración y Dirección de Empresas,Grado,Cambio de estudios sin simultaneidad,Hombres,0,1,1,0,,,30/10/2022
2021,Zaragoza,Grado: Programa conjunto en Derecho-Administración y Dirección de Empresas,Grado,Traslado a otra Universidad,Hombres,0,0,0,2,,,30/10/2022
2021,Zaragoza,Grado: Programa conjunto en Matemáticas-Ingeniería Informática,Grado,Abandono Voluntario,Hombres,0,1,1,0,,,30/10/2022
2021,Zaragoza,Grado: Programa conjunto en Matemáticas-Ingeniería Informática,Grado,Abandono Voluntario,Mujeres,0,1,1,0,,,30/10/2022
2021,Zaragoza,Grado: Programa conjunto Física-Matemáticas (FisMat),Grado,Traslado a otra Universidad,Hombres,0,0,0,1,,,30/10/2022
2021,Zaragoza,Grado: Química,Grado,Abandono Voluntario,Hombres,0,15,6,0,,,30/10/2022
2021,Zaragoza,Grado: Química,Grado,Abandono Voluntario,Mujeres,0,12,2,0,,,30/10/2022
2021,Zaragoza,Grado: Química,Grado,Cambio de estudios sin simultaneidad,Hombres,0,8,6,0,,,30/10/2022
2021,Zaragoza,Grado: Química,Grado,Cambio de estudios sin simultaneidad,Mujeres,0,7,5,0,,,30/10/2022
2021,Zaragoza,Grado: Química,Grado,Graduado,Hombres,27,0,0,0,"5,20","82,21",30/10/2022
2021,Zaragoza,Grado: Química,Grado,Graduado,Mujeres,47,0,0,0,"5,26","81,79",30/10/2022
2021,Zaragoza,Grado: Química,Grado,Traslado a otra Universidad,Hombres,0,0,0,2,,,30/10/2022
2021,Zaragoza,Grado: Química,Grado,Traslado a otra Universidad,Mujeres,0,0,0,2,,,30/10/2022
2021,Zaragoza,Grado: Relaciones Laborales y Recursos Humanos,Grado,Abandono Voluntario,Hombres,0,33,12,0,,,30/10/2022
2021,Zaragoza,Grado: Relaciones Laborales y Recursos Humanos,Grado,Abandono Voluntario,Mujeres,0,28,10,0,,,30/10/2022
2021,Zaragoza,Grado: Relaciones Laborales y Recursos Humanos,Grado,Cambio de estudios sin simultaneidad,Hombres,0,6,5,0,,,30/10/2022
2021,Zaragoza,Grado: Relaciones Laborales y Recursos Humanos,Grado,Cambio de estudios sin simultaneidad,Mujeres,0,2,2,0,,,30/10/2022
2021,Zaragoza,Grado: Relaciones Laborales y Recursos Humanos,Grado,Graduado,Hombres,30,0,0,0,"5,74","85,12",30/10/2022
2021,Zaragoza,Grado: Relaciones Laborales y Recursos Humanos,Grado,Graduado,Mujeres,60,0,0,0,"5,54","83,85",30/10/2022
2021,Zaragoza,Grado: Relaciones Laborales y Recursos Humanos,Grado,Traslado a otra Universidad,Hombres,0,0,0,3,,,30/10/2022
2021,Zaragoza,Grado: Relaciones Laborales y Recursos Humanos,Grado,Traslado a otra Universidad,Mujeres,0,0,0,3,,,30/10/2022
2021,Zaragoza,Grado: Terapia Ocupacional,Grado,Abandono Voluntario,Hombres,0,1,1,0,,,30/10/2022
2021,Zaragoza,Grado: Terapia Ocupacional,Grado,Abandono Voluntario,Mujeres,0,4,2,0,,,30/10/2022
2021,Zaragoza,Grado: Terapia Ocupacional,Grado,Cambio de estudios sin simultaneidad,Mujeres,0,4,4,0,,,30/10/2022
2021,Zaragoza,Grado: Terapia Ocupacional,Grado,Graduado,Hombres,6,0,0,0,"4,00","96,93",30/10/2022
2021,Zaragoza,Grado: Terapia Ocupacional,Grado,Graduado,Mujeres,58,0,0,0,"4,09","96,06",30/10/2022
2021,Zaragoza,Grado: Terapia Ocupacional,Grado,Traslado a otra Universidad,Mujeres,0,0,0,2,,,30/10/2022
2021,Zaragoza,Grado: Trabajo Social,Grado,Abandono Voluntario,Hombres,0,10,2,0,,,30/10/2022
2021,Zaragoza,Grado: Trabajo Social,Grado,Abandono Voluntario,Mujeres,0,22,13,0,,,30/10/2022
2021,Zaragoza,Grado: Trabajo Social,Grado,Cambio de estudios sin simultaneidad,Mujeres,0,2,1,0,,,30/10/2022
2021,Zaragoza,Grado: Trabajo Social,Grado,Graduado,Hombres,16,0,0,0,"4,81","88,18",30/10/2022
2021,Zaragoza,Grado: Trabajo Social,Grado,Graduado,Mujeres,122,0,0,0,"4,25","93,86",30/10/2022
2021,Zaragoza,Grado: Trabajo Social,Grado,Traslado a otra Universidad,Mujeres,0,0,0,5,,,30/10/2022
2021,Zaragoza,Grado: Turismo,Grado,Abandono Voluntario,Hombres,0,14,8,0,,,30/10/2022
2021,Zaragoza,Grado: Turismo,Grado,Abandono Voluntario,Mujeres,0,12,8,0,,,30/10/2022
2021,Zaragoza,Grado: Turismo,Grado,Cambio de estudios sin simultaneidad,Hombres,0,3,2,0,,,30/10/2022
2021,Zaragoza,Grado: Turismo,Grado,Graduado,Hombres,7,0,0,0,"4,50","91,93",30/10/2022
2021,Zaragoza,Grado: Turismo,Grado,Graduado,Mujeres,28,0,0,0,"4,83","87,65",30/10/2022
2021,Zaragoza,Grado: Veterinaria,Grado,Abandono Voluntario,Hombres,0,1,0,0,,,30/10/2022
2021,Zaragoza,Grado: Veterinaria,Grado,Abandono Voluntario,Mujeres,0,9,5,0,,,30/10/2022
2021,Zaragoza,Grado: Veterinaria,Grado,Cambio de estudios sin simultaneidad,Mujeres,0,1,1,0,,,30/10/2022
2021,Zaragoza,Grado: Veterinaria,Grado,Graduado,Hombres,22,0,0,0,"5,15","96,21",30/10/2022
2021,Zaragoza,Grado: Veterinaria,Grado,Graduado,Mujeres,80,0,0,0,"5,41","91,22",30/10/2022
2021,Zaragoza,Grado: Veterinaria,Grado,Traslado a otra Universidad,Hombres,0,0,0,2,,,30/10/2022
2021,Zaragoza,Grado: Veterinaria,Grado,Traslado a otra Universidad,Mujeres,0,0,0,4,,,30/10/2022
2021,Zaragoza,Historia del Arte,Licenciatura o equivalente,Traslado a otra Universidad,Hombres,0,0,0,1,,,30/10/2022
2021,Zaragoza,Historia del Arte,Licenciatura o equivalente,Traslado a otra Universidad,Mujeres,0,0,0,1,,,30/10/2022
2021,Zaragoza,Ingeniero Industrial,Licenciatura o equivalente,Traslado a otra Universidad,Mujeres,0,0,0,1,,,30/10/2022
2021,Zaragoza,Ingeniero Técnico Industrial,Diplomatura o equivalente,Traslado a otra Universidad,Hombres,0,0,0,1,,,30/10/2022
2021,Zaragoza,"Ingeniero Técnico Industrial, Esp. Electricidad",Diplomatura o equivalente,Traslado a otra Universidad,Hombres,0,0,0,1,,,30/10/2022
2021,Zaragoza,Licenciado en Economía,Licenciatura o equivalente,Traslado a otra Universidad,Hombres,0,0,0,1,,,30/10/2022
2021,Zaragoza,Licenciado en Economía,Licenciatura o equivalente,Traslado a otra Universidad,Mujeres,0,0,0,1,,,30/10/2022
2021,Zaragoza,Licenciado en Matemáticas,Licenciatura o equivalente,Traslado a otra Universidad,Mujeres,0,0,0,1,,,30/10/2022
2021,Zaragoza,Máster: Abogacía,Máster,Abandono Voluntario,Hombres,0,1,0,0,,,30/10/2022
2021,Zaragoza,Máster: Abogacía,Máster,Abandono Voluntario,Mujeres,0,1,1,0,,,30/10/2022
2021,Zaragoza,Máster: Abogacía,Máster,Graduado,Hombres,41,0,0,0,"2,00","100,00",30/10/2022
2021,Zaragoza,Máster: Abogacía,Máster,Graduado,Mujeres,50,0,0,0,"2,04","99,47",30/10/2022
2021,Zaragoza,Máster: Aprendizaje a lo largo de la vida: Iniciación a la investigación,Máster,Abandono Voluntario,Hombres,0,2,0,0,,,30/10/2022
2021,Zaragoza,Máster: Aprendizaje a lo largo de la vida: Iniciación a la investigación,Máster,Abandono Voluntario,Mujeres,0,5,4,0,,,30/10/2022
2021,Zaragoza,Máster: Aprendizaje a lo largo de la vida: Iniciación a la investigación,Máster,Graduado,Hombres,1,0,0,0,"1,00","100,00",30/10/2022
2021,Zaragoza,Máster: Aprendizaje a lo largo de la vida: Iniciación a la investigación,Máster,Graduado,Mujeres,3,0,0,0,"1,50","88,89",30/10/2022
2021,Zaragoza,Máster: Arquitectura,Máster,Abandono Voluntario,Hombres,0,1,0,0,,,30/10/2022
2021,Zaragoza,Máster: Arquitectura,Máster,Graduado,Hombres,7,0,0,0,"1,29","87,50",30/10/2022
2021,Zaragoza,Máster: Arquitectura,Máster,Graduado,Mujeres,14,0,0,0,"1,71","73,68",30/10/2022
2021,Zaragoza,Máster: Auditoría,Máster,Abandono Voluntario,Hombres,0,1,1,0,,,30/10/2022
2021,Zaragoza,Máster: Auditoría,Máster,Abandono Voluntario,Mujeres,0,1,1,0,,,30/10/2022
2021,Zaragoza,Máster: Auditoría,Máster,Graduado,Hombres,4,0,0,0,"1,25","97,56",30/10/2022
2021,Zaragoza,Máster: Auditoría,Máster,Graduado,Mujeres,4,0,0,0,"1,25","97,56",30/10/2022
2021,Zaragoza,Máster: Biología Molecular y Celular,Máster,Graduado,Hombres,9,0,0,0,"1,00","100,00",30/10/2022
2021,Zaragoza,Máster: Biología Molecular y Celular,Máster,Graduado,Mujeres,6,0,0,0,"1,00","100,00",30/10/2022
2021,Zaragoza,"Máster: Calidad, Seguridad y Tecnología de los Alimentos",Máster,Abandono Voluntario,Mujeres,0,1,1,0,,,30/10/2022
2021,Zaragoza,"Máster: Calidad, Seguridad y Tecnología de los Alimentos",Máster,Graduado,Hombres,1,0,0,0,"5,00","71,43",30/10/2022
2021,Zaragoza,"Máster: Cond. genéticos, nutric. y amb. del crec. y desarrollo",Máster,Abandono Voluntario,Mujeres,0,2,0,0,,,30/10/2022
2021,Zaragoza,"Máster: Cond. genéticos, nutric. y amb. del crec. y desarrollo",Máster,Graduado,Hombres,2,0,0,0,,"100,00",30/10/2022
2021,Zaragoza,"Máster: Cond. genéticos, nutric. y amb. del crec. y desarrollo",Máster,Graduado,Mujeres,12,0,0,0,"1,00","99,17",30/10/2022
2021,Zaragoza,Máster: Consultoría de Información y Comunicación Digital,Máster,Abandono Voluntario,Hombres,0,2,2,0,,,30/10/2022
2021,Zaragoza,Máster: Consultoría de Información y Comunicación Digital,Máster,Abandono Voluntario,Mujeres,0,10,5,0,,,30/10/2022
2021,Zaragoza,Máster: Consultoría de Información y Comunicación Digital,Máster,Graduado,Mujeres,3,0,0,0,"1,00","100,00",30/10/2022
2021,Zaragoza,Máster: Contabilidad y Finanzas,Máster,Abandono Voluntario,Hombres,0,2,2,0,,,30/10/2022
2021,Zaragoza,Máster: Contabilidad y Finanzas,Máster,Abandono Voluntario,Mujeres,0,3,2,0,,,30/10/2022
2021,Zaragoza,Máster: Contabilidad y Finanzas,Máster,Graduado,Hombres,5,0,0,0,"1,80","75,76",30/10/2022
2021,Zaragoza,Máster: Contabilidad y Finanzas,Máster,Graduado,Mujeres,4,0,0,0,"1,50","90,91",30/10/2022
2021,Zaragoza,Máster: Derecho de la Administración Pública,Máster,Abandono Voluntario,Hombres,0,3,2,0,,,30/10/2022
2021,Zaragoza,Máster: Derecho de la Administración Pública,Máster,Abandono Voluntario,Mujeres,0,2,2,0,,,30/10/2022
2021,Zaragoza,Máster: Derecho de la Administración Pública,Máster,Graduado,Hombres,10,0,0,0,"1,62","85,84",30/10/2022
2021,Zaragoza,Máster: Derecho de la Administración Pública,Máster,Graduado,Mujeres,2,0,0,0,"1,00","100,00",30/10/2022
2021,Zaragoza,"Máster: Dirección, Estrategia y Marketing",Máster,Abandono Voluntario,Mujeres,0,2,1,0,,,30/10/2022
2021,Zaragoza,"Máster: Dirección, Estrategia y Marketing",Máster,Graduado,Hombres,9,0,0,0,"1,29","95,24",30/10/2022
2021,Zaragoza,"Máster: Dirección, Estrategia y Marketing",Máster,Graduado,Mujeres,6,0,0,0,"1,17","94,53",30/10/2022
2021,Zaragoza,Máster: Dirección y Gestión de Adquisiciones de Sistemas para la Defensa,Máster,Abandono Voluntario,Hombres,0,1,1,0,,,30/10/2022
2021,Zaragoza,Máster: Dirección y Gestión de Adquisiciones de Sistemas para la Defensa,Máster,Graduado,Hombres,20,0,0,0,,"99,30",30/10/2022
2021,Zaragoza,Máster: Dirección y Gestión de Adquisiciones de Sistemas para la Defensa,Máster,Graduado,Mujeres,4,0,0,0,"2,00","96,77",30/10/2022
2021,Zaragoza,Máster: Economía,Máster,Abandono Voluntario,Hombres,0,1,0,0,,,30/10/2022
2021,Zaragoza,Máster: Economía,Máster,Abandono Voluntario,Mujeres,0,2,2,0,,,30/10/2022
2021,Zaragoza,Máster: Economía,Máster,Cambio de estudios sin simultaneidad,Hombres,0,1,1,0,,,30/10/2022
2021,Zaragoza,Máster: Economía,Máster,Graduado,Hombres,4,0,0,0,"1,50","86,02",30/10/2022
2021,Zaragoza,Máster: Economía,Máster,Graduado,Mujeres,2,0,0,0,"1,50","88,89",30/10/2022
2021,Zaragoza,Máster: Energías Renovables y Eficiencia Energética,Máster,Abandono Voluntario,Hombres,0,1,0,0,,,30/10/2022
2021,Zaragoza,Máster: Energías Renovables y Eficiencia Energética,Máster,Graduado,Hombres,11,0,0,0,"2,33","90,75",30/10/2022
2021,Zaragoza,Máster: Energías Renovables y Eficiencia Energética,Máster,Graduado,Mujeres,5,0,0,0,"2,00","100,00",30/10/2022
2021,Zaragoza,Máster: Enseñanza del Español como Lengua Extranjera,Máster,Graduado,Hombres,3,0,0,0,"1,00","100,00",30/10/2022
2021,Zaragoza,Máster: Enseñanza del Español como Lengua Extranjera,Máster,Graduado,Mujeres,11,0,0,0,"1,00","100,00",30/10/2022
2021,Zaragoza,Máster: Estudios Avanzados en Historia del Arte,Máster,Abandono Voluntario,Hombres,0,3,2,0,,,30/10/2022
2021,Zaragoza,Máster: Estudios Avanzados en Historia del Arte,Máster,Abandono Voluntario,Mujeres,0,1,1,0,,,30/10/2022
2021,Zaragoza,Máster: Estudios Avanzados en Historia del Arte,Máster,Cambio de estudios sin simultaneidad,Mujeres,0,1,1,0,,,30/10/2022
2021,Zaragoza,Máster: Estudios Avanzados en Historia del Arte,Máster,Graduado,Hombres,3,0,0,0,"1,33","93,75",30/10/2022
2021,Zaragoza,Máster: Física y Tecnologías Físicas,Máster,Graduado,Hombres,11,0,0,0,"1,00","100,00",30/10/2022
2021,Zaragoza,Máster: Física y Tecnologías Físicas,Máster,Graduado,Mujeres,2,0,0,0,"1,00","100,00",30/10/2022
2021,Zaragoza,Máster: Geología: Técnicas y Aplicaciones,Máster,Graduado,Mujeres,1,0,0,0,"1,00","100,00",30/10/2022
2021,Zaragoza,Máster: Gerontología Social,Máster,Abandono Voluntario,Hombres,0,1,1,0,,,30/10/2022
2021,Zaragoza,Máster: Gerontología Social,Máster,Abandono Voluntario,Mujeres,0,1,0,0,,,30/10/2022
2021,Zaragoza,Máster: Gerontología Social,Máster,Graduado,Hombres,3,0,0,0,"1,00","100,00",30/10/2022
2021,Zaragoza,Máster: Gerontología Social,Máster,Graduado,Mujeres,11,0,0,0,"1,00","100,00",30/10/2022
2021,Zaragoza,Máster: Gestión Administrativa,Máster,Abandono Voluntario,Mujeres,0,1,1,0,,,30/10/2022
2021,Zaragoza,Máster: Gestión Administrativa,Máster,Graduado,Hombres,8,0,0,0,"1,00","100,00",30/10/2022
2021,Zaragoza,Máster: Gestión Administrativa,Máster,Graduado,Mujeres,3,0,0,0,"1,00","100,00",30/10/2022
2021,Zaragoza,Máster: Gestión del Patrimonio Cultural,Máster,Abandono Voluntario,Hombres,0,1,1,0,,,30/10/2022
2021,Zaragoza,Máster: Gestión del Patrimonio Cultural,Máster,Abandono Voluntario,Mujeres,0,1,0,0,,,30/10/2022
2021,Zaragoza,Máster: Gestión del Patrimonio Cultural,Máster,Graduado,Hombres,1,0,0,0,"1,00","100,00",30/10/2022
2021,Zaragoza,Máster: Gestión del Patrimonio Cultural,Máster,Graduado,Mujeres,7,0,0,0,"2,43","86,78",30/10/2022
2021,Zaragoza,Máster: Historia Contemporánea,Máster,Abandono Voluntario,Hombres,0,1,1,0,,,30/10/2022
2021,Zaragoza,Máster: Historia Contemporánea,Máster,Graduado,Hombres,8,0,0,0,"1,38","87,27",30/10/2022
2021,Zaragoza,Máster: Historia Contemporánea,Máster,Graduado,Mujeres,5,0,0,0,"1,40","93,75",30/10/2022
2021,Zaragoza,Máster: Ingeniería biomédica,Máster,Abandono Voluntario,Hombres,0,1,0,0,,,30/10/2022
2021,Zaragoza,Máster: Ingeniería biomédica,Máster,Graduado,Hombres,5,0,0,0,"2,00","100,00",30/10/2022
2021,Zaragoza,Máster: Ingeniería biomédica,Máster,Graduado,Mujeres,6,0,0,0,"2,00","100,00",30/10/2022
2021,Zaragoza,Máster: Ingeniería de Diseño de Producto,Máster,Abandono Voluntario,Hombres,0,1,0,0,,,30/10/2022
2021,Zaragoza,Máster: Ingeniería de Diseño de Producto,Máster,Graduado,Hombres,4,0,0,0,"1,25","95,24",30/10/2022
2021,Zaragoza,Máster: Ingeniería de Diseño de Producto,Máster,Graduado,Mujeres,6,0,0,0,"1,17","96,77",30/10/2022
2021,Zaragoza,Máster: Ingeniería de Telecomunicación,Máster,Abandono Voluntario,Hombres,0,1,0,0,,,30/10/2022
2021,Zaragoza,Máster: Ingeniería de Telecomunicación,Máster,Graduado,Hombres,4,0,0,0,"2,00","93,52",30/10/2022
2021,Zaragoza,Máster: Ingeniería de Telecomunicación,Máster,Graduado,Mujeres,2,0,0,0,,"100,00",30/10/2022
2021,Zaragoza,Máster: Ingeniería Electrónica,Máster,Abandono Voluntario,Hombres,0,2,1,0,,,30/10/2022
2021,Zaragoza,Máster: Ingeniería Electrónica,Máster,Abandono Voluntario,Mujeres,0,1,0,0,,,30/10/2022
2021,Zaragoza,Máster: Ingeniería Electrónica,Máster,Graduado,Hombres,6,0,0,0,"2,00","83,33",30/10/2022
2021,Zaragoza,Máster: Ingeniería Industrial,Máster,Abandono Voluntario,Hombres,0,6,2,0,,,30/10/2022
2021,Zaragoza,Máster: Ingeniería Industrial,Máster,Abandono Voluntario,Mujeres,0,1,0,0,,,30/10/2022
2021,Zaragoza,Máster: Ingeniería Industrial,Máster,Cambio de estudios sin simultaneidad,Hombres,0,1,1,0,,,30/10/2022
2021,Zaragoza,Máster: Ingeniería Industrial,Máster,Graduado,Hombres,46,0,0,0,"2,54","92,49",30/10/2022
2021,Zaragoza,Máster: Ingeniería Industrial,Máster,Graduado,Mujeres,16,0,0,0,"2,89","89,03",30/10/2022
2021,Zaragoza,Máster: Ingeniería Informática,Máster,Abandono Voluntario,Hombres,0,1,1,0,,,30/10/2022
2021,Zaragoza,Máster: Ingeniería Informática,Máster,Graduado,Hombres,4,0,0,0,"2,00","100,00",30/10/2022
2021,Zaragoza,Máster: Ingeniería Mecánica,Máster,Abandono Voluntario,Hombres,0,1,0,0,,,30/10/2022
2021,Zaragoza,Máster: Ingeniería Mecánica,Máster,Graduado,Hombres,11,0,0,0,"1,00","98,04",30/10/2022
2021,Zaragoza,Máster: Ingeniería Mecánica,Máster,Graduado,Mujeres,2,0,0,0,,,30/10/2022
2021,Zaragoza,Máster: Ingeniería Química,Máster,Abandono Voluntario,Mujeres,0,1,0,0,,,30/10/2022
2021,Zaragoza,Máster: Ingeniería Química,Máster,Graduado,Hombres,8,0,0,0,"2,00","100,00",30/10/2022
2021,Zaragoza,Máster: Ingeniería Química,Máster,Graduado,Mujeres,3,0,0,0,"2,00","100,00",30/10/2022
2021,Zaragoza,Máster: Iniciación a la Investigación en Ciencias de la Enfermería,Máster,Abandono Voluntario,Hombres,0,2,1,0,,,30/10/2022
2021,Zaragoza,Máster: Iniciación a la Investigación en Ciencias de la Enfermería,Máster,Abandono Voluntario,Mujeres,0,2,2,0,,,30/10/2022
2021,Zaragoza,Máster: Iniciación a la Investigación en Ciencias de la Enfermería,Máster,Graduado,Hombres,2,0,0,0,"1,00","100,00",30/10/2022
2021,Zaragoza,Máster: Iniciación a la Investigación en Ciencias de la Enfermería,Máster,Graduado,Mujeres,6,0,0,0,"2,00","93,75",30/10/2022
2021,Zaragoza,Máster: Iniciación a la investigación en Medicina,Máster,Abandono Voluntario,Hombres,0,1,1,0,,,30/10/2022
2021,Zaragoza,Máster: Iniciación a la investigación en Medicina,Máster,Graduado,Hombres,4,0,0,0,"1,25","93,36",30/10/2022
2021,Zaragoza,Máster: Iniciación a la investigación en Medicina,Máster,Graduado,Mujeres,16,0,0,0,"1,00","100,00",30/10/2022
2021,Zaragoza,Máster: Investigación en Filosofía,Máster,Abandono Voluntario,Mujeres,0,1,0,0,,,30/10/2022
2021,Zaragoza,Máster: Investigación en Filosofía,Máster,Cambio de estudios sin simultaneidad,Hombres,0,1,0,0,,,30/10/2022
2021,Zaragoza,Máster: Investigación en Filosofía,Máster,Graduado,Hombres,3,0,0,0,"1,33","86,96",30/10/2022
2021,Zaragoza,Máster: Investigación en Filosofía,Máster,Graduado,Mujeres,1,0,0,0,"1,00","100,00",30/10/2022
2021,Zaragoza,Máster: Investigación y Estudios Avanzados en Historia,Máster,Abandono Voluntario,Mujeres,0,1,1,0,,,30/10/2022
2021,Zaragoza,Máster: Investigación y Estudios Avanzados en Historia,Máster,Graduado,Hombres,2,0,0,0,"1,00","100,00",30/10/2022
2021,Zaragoza,Máster: Investigación y Estudios Avanzados en Historia,Máster,Graduado,Mujeres,1,0,0,0,"2,00","83,33",30/10/2022
2021,Zaragoza,Máster: Materiales nanoestructurados para aplicaciones nanotecnológicas,Máster,Graduado,Hombres,4,0,0,0,"1,00","100,00",30/10/2022
2021,Zaragoza,Máster: Materiales nanoestructurados para aplicaciones nanotecnológicas,Máster,Graduado,Mujeres,5,0,0,0,"1,00","100,00",30/10/2022
2021,Zaragoza,"Máster: Modelización e Investigación Matemática, Estadística y Computación",Máster,Graduado,Hombres,5,0,0,0,"1,00","100,00",30/10/2022
2021,Zaragoza,Máster: Mundo Antiguo y Patrimonio Arqueológico,Máster,Graduado,Hombres,3,0,0,0,"1,00","100,00",30/10/2022
2021,Zaragoza,Máster: Mundo Antiguo y Patrimonio Arqueológico,Máster,Graduado,Mujeres,2,0,0,0,"1,50","90,91",30/10/2022
2021,Zaragoza,Máster: Nutrición animal,Máster,Abandono Voluntario,Hombres,0,2,2,0,,,30/10/2022
2021,Zaragoza,Máster: Ordenación Territorial y Medioambiental,Máster,Graduado,Hombres,2,0,0,0,"1,50","86,96",30/10/2022
2021,Zaragoza,Máster: Prevención de riesgos laborales,Máster,Abandono Voluntario,Mujeres,0,4,3,0,,,30/10/2022
2021,Zaragoza,Máster: Prevención de riesgos laborales,Máster,Graduado,Hombres,2,0,0,0,"2,00","93,02",30/10/2022
2021,Zaragoza,Máster: Prevención de riesgos laborales,Máster,Graduado,Mujeres,1,0,0,0,,,30/10/2022
2021,Zaragoza,"Máster: Profesorado E.S.O., F.P. y Ens. Idiom, Art y Deport",Máster,Abandono Voluntario,Hombres,0,15,10,0,,,30/10/2022
2021,Zaragoza,"Máster: Profesorado E.S.O., F.P. y Ens. Idiom, Art y Deport",Máster,Abandono Voluntario,Mujeres,0,7,2,0,,,30/10/2022
2021,Zaragoza,"Máster: Profesorado E.S.O., F.P. y Ens. Idiom, Art y Deport",Máster,Graduado,Hombres,151,0,0,0,"1,22","95,65",30/10/2022
2021,Zaragoza,"Máster: Profesorado E.S.O., F.P. y Ens. Idiom, Art y Deport",Máster,Graduado,Mujeres,233,0,0,0,"1,12","98,02",30/10/2022
2021,Zaragoza,Máster: Química Industrial,Máster,Abandono Voluntario,Hombres,0,1,0,0,,,30/10/2022
2021,Zaragoza,Máster: Química Industrial,Máster,Graduado,Hombres,6,0,0,0,"1,00","100,00",30/10/2022
2021,Zaragoza,Máster: Química Industrial,Máster,Graduado,Mujeres,11,0,0,0,"1,00","100,00",30/10/2022
2021,Zaragoza,Máster: Química Molecular y Catálisis Homogénea,Máster,Abandono Voluntario,Hombres,0,1,1,0,,,30/10/2022
2021,Zaragoza,Máster: Química Molecular y Catálisis Homogénea,Máster,Abandono Voluntario,Mujeres,0,1,1,0,,,30/10/2022
2021,Zaragoza,Máster: Química Molecular y Catálisis Homogénea,Máster,Graduado,Hombres,5,0,0,0,"1,00","100,00",30/10/2022
2021,Zaragoza,Máster: Química Molecular y Catálisis Homogénea,Máster,Graduado,Mujeres,5,0,0,0,"1,00","100,00",30/10/2022
2021,Zaragoza,Máster: Relaciones de Género,Máster,Abandono Voluntario,Mujeres,0,5,3,0,,,30/10/2022
2021,Zaragoza,Máster: Relaciones de Género,Máster,Cambio de estudios sin simultaneidad,Mujeres,0,1,1,0,,,30/10/2022
2021,Zaragoza,Máster: Relaciones de Género,Máster,Graduado,Hombres,1,0,0,0,"1,00","100,00",30/10/2022
2021,Zaragoza,Máster: Relaciones de Género,Máster,Graduado,Mujeres,12,0,0,0,"1,00","100,00",30/10/2022
2021,Zaragoza,"Máster: Robótica, Gráficos y Visión por Computador/Robotics, Graphics and Computer Vision",Máster,Graduado,Hombres,15,0,0,0,"2,00","97,41",30/10/2022
2021,Zaragoza,"Máster: Robótica, Gráficos y Visión por Computador/Robotics, Graphics and Computer Vision",Máster,Graduado,Mujeres,2,0,0,0,"2,00","100,00",30/10/2022
2021,Zaragoza,"Máster: Salud Global: Integración de la Salud Ambiental, Humana y Animal",Máster,Graduado,Hombres,1,0,0,0,"1,00","100,00",30/10/2022
2021,Zaragoza,"Máster: Salud Global: Integración de la Salud Ambiental, Humana y Animal",Máster,Graduado,Mujeres,5,0,0,0,"1,33","95,24",30/10/2022
2021,Zaragoza,Máster: Salud pública,Máster,Abandono Voluntario,Mujeres,0,1,0,0,,,30/10/2022
2021,Zaragoza,Máster: Sociología de las Políticas Públicas y Sociales,Máster,Abandono Voluntario,Mujeres,0,1,0,0,,,30/10/2022
2021,Zaragoza,Máster: Sociología de las Políticas Públicas y Sociales,Máster,Graduado,Hombres,6,0,0,0,"1,17","96,77",30/10/2022
2021,Zaragoza,Máster: Sociología de las Políticas Públicas y Sociales,Máster,Graduado,Mujeres,7,0,0,0,"1,50","90,00",30/10/2022
2021,Zaragoza,Máster: Tec.Información Geográfica para Ordenación Territorio: Sig/Teled,Máster,Abandono Voluntario,Hombres,0,3,2,0,,,30/10/2022
2021,Zaragoza,Máster: Tec.Información Geográfica para Ordenación Territorio: Sig/Teled,Máster,Graduado,Hombres,2,0,0,0,"1,00","100,00",30/10/2022
2021,Zaragoza,Relaciones Laborales,Diplomatura o equivalente,Traslado a otra Universidad,Hombres,0,0,0,1,,,30/10/2022
2021,Zaragoza,Relaciones Laborales,Diplomatura o equivalente,Traslado a otra Universidad,Mujeres,0,0,0,2,,,30/10/2022
2021,Zaragoza,Terapia Ocupacional,Diplomatura o equivalente,Traslado a otra Universidad,Mujeres,0,0,0,1,,,30/10/2022
2021,Zaragoza,Trabajo Social,Diplomatura o equivalente,Traslado a otra Universidad,Hombres,0,0,0,1,,,30/10/2022
2021,Zaragoza,Trabajo Social,Diplomatura o equivalente,Traslado a otra Universidad,Mujeres,0,0,0,1,,,30/10/2022
